Workbook
Name AmbBJTs: [3]FET_BJT_SCR!$T$19
Name AmbCeCap: [3]Capacitor!$T$35
Name AMBChip: [3]Resistor!$O$18
Name AmbDidoeRec: [3]Diode!$T$6
Name AMBdiodenor: [3]Diode!$T$13
Name AmbDiodeZD: [3]Diode!$T$40
Name AmbFET: [3]FET_BJT_SCR!$T$6
Name AmbFuse: '[3]Inductor_ Etc'!$P$29
Name AmbInductor: '[3]Inductor_ Etc'!$P$6
Name AmbLogicIC: [3]IC!$T$14
Name AMBphoto: [3]FET_BJT_SCR!$T$29
Name AMBRes: [3]Resistor!$O$7

Sheet Sheet3
H1: =SUM(H4:H27) -> 95770 | I1: =SUM(I4:I27) -> 95770 | K1: =SUM(K4:K27) -> 121192 | L1: =SUM(L4:L27) -> 0 | M1: =SUM(M4:M27) -> 0 | N1: =SUM(N4:N27) -> 0 | O1: =SUM(O4:O27) -> 0 | P1: =SUM(P4:P27) -> 0 | Q1: =SUM(Q4:Q27) -> 11198 | R1: =SUM(R4:R27) -> 5234 | ... V1: =SUM(V4:V27) -> 64792
B2: Cus | C2: CutoffCargo | D2: Inch | E2: Model | F2: BNCode | G2: 3in1Code(FG) | H2: PO Remain | I2: TTL Ship | J2: GAP | K2: ="O/stock"&DAY(TODAY())&"/"&MONTH(TODAY()) -> O/stock15/6 | L2: Plan | T2: TTL Plan | U2: TTLstock | V2: BALANCE
L3: 46181 | M3: =+L3+1 -> 46182 | N3: =+M3+1 -> 46183 | O3: =+N3+1 -> 46184 | P3: =+O3+1 -> 46185 | Q3: =+P3+1 -> 46186 | R3: =+Q3+1 -> 46187
B4: SEEG | C4: Waiting booking | D4: =IFERROR(VLOOKUP(G4,Infor!B:F,4,0),) -> 65" | E4: =IFERROR(VLOOKUP(G4,Infor!B:F,5,0),) -> L65CA9N_HVD | F4: BN44-01396A | G4: 0137650478CA | H4: 150 | I4: =SUM(H4:H4) -> 150 | J4: =U4-H4 -> 14092 | K4: =SUMIFS(Stock!$F:$F,Stock!$D:$D,Sheet3!G4) -> 6788 | L4: =SUMIFS(Plan!$E:$E,Plan!$C:$C,Sheet3!G4) -> 0 | M4: =SUMIFS(Plan!$F:$F,Plan!$C:$C,Sheet3!G4) -> 0 | N4: =SUMIFS(Plan!$G:$G,Plan!$C:$C,Sheet3!G4) -> 0 | O4: =SUMIFS(Plan!$H:$H,Plan!$C:$C,Sheet3!G4) -> 0 | P4: =SUMIFS(Plan!$I:$I,Plan!$C:$C,Sheet3!G4) -> 0 | Q4: =SUMIFS(Plan!$J:$J,Plan!$C:$C,Sheet3!G4) -> 2680 | R4: =SUMIFS(Plan!$K:$K,Plan!$C:$C,Sheet3!G4) -> 2074 | S4: =SUMIFS(Plan!$M:$M,Plan!$C:$C,Sheet3!G4) -> 2700 | T4: =SUM(L4:S4) -> 7454 | U4: =+K4+T4 -> 14242 | V4: =U4-I4 -> 14092
B5: SAMEX | C5: 46184.999 | D5: =IFERROR(VLOOKUP(G5,Infor!B:F,4,0),) -> 65" | E5: =IFERROR(VLOOKUP(G5,Infor!B:F,5,0),) -> L65S7_HVD | F5: BN44-01421A | G5: 0137650504CA | H5: 12961 | I5: =SUM(H5:H6) -> 17561 | J5: =(K5+M5)-H5 -> -8764 | K5: =SUMIFS(Stock!$F:$F,Stock!$D:$D,Sheet3!G5)-3867 -> 4197 | L5: =SUMIFS(Plan!$E:$E,Plan!$C:$C,Sheet3!G5) -> 0 | M5: =SUMIFS(Plan!$F:$F,Plan!$C:$C,Sheet3!G5) -> 0 | N5: =SUMIFS(Plan!$G:$G,Plan!$C:$C,Sheet3!G5) -> 0 | O5: =SUMIFS(Plan!$H:$H,Plan!$C:$C,Sheet3!G5) -> 0 | P5: =SUMIFS(Plan!$I:$I,Plan!$C:$C,Sheet3!G5) -> 0 | Q5: =SUMIFS(Plan!$J:$J,Plan!$C:$C,Sheet3!G5) -> 0 | R5: =SUMIFS(Plan!$K:$K,Plan!$C:$C,Sheet3!G5) -> 0 | S5: =SUMIFS(Plan!$M:$M,Plan!$C:$C,Sheet3!G5) -> 5500 | T5: =SUM(L5:S6) -> 5500 | U5: =+K5+T5 -> 9697 | V5: =+U5-I5 -> -7864
B6: SEDA | C6: 46182.875 | H6: 4600 | J6: =(N5+O5)-H6 -> -4600 | R6: =SUMIFS(Plan!$K:$K,Plan!$C:$C,Sheet3!G6) -> 0 | S6: =SUMIFS(Plan!$M:$M,Plan!$C:$C,Sheet3!G6) -> 0
B7: SAMEX | C7: 46184.999 | D7: =IFERROR(VLOOKUP(G7,Infor!B:F,4,0),) -> 75" | E7: =IFERROR(VLOOKUP(G7,Infor!B:F,5,0),) -> L75S7A_HVD | F7: BN44-01422B | G7: 0137750275CA | H7: 11488 | I7: =SUM(H7) -> 11488 | J7: =(K7+M7)-H7 -> -11460 | K7: =SUMIFS(Stock!$F:$F,Stock!$D:$D,Sheet3!G7) -> 28 | L7: =SUMIFS(Plan!$E:$E,Plan!$C:$C,Sheet3!G7) -> 0 | M7: =SUMIFS(Plan!$F:$F,Plan!$C:$C,Sheet3!G7) -> 0 | N7: =SUMIFS(Plan!$G:$G,Plan!$C:$C,Sheet3!G7) -> 0 | O7: =SUMIFS(Plan!$H:$H,Plan!$C:$C,Sheet3!G7) -> 0 | P7: =SUMIFS(Plan!$I:$I,Plan!$C:$C,Sheet3!G7) -> 0 | Q7: =SUMIFS(Plan!$J:$J,Plan!$C:$C,Sheet3!G7) -> 0 | R7: =SUMIFS(Plan!$K:$K,Plan!$C:$C,Sheet3!G7) -> 0 | S7: =SUMIFS(Plan!$M:$M,Plan!$C:$C,Sheet3!G7) -> 2100 | T7: =SUM(L7:S7) -> 2100 | U7: =K7+T7 -> 2128 | V7: =U7-I7 -> -9360 | W7: SO over SOP
B8: SEDA | C8: 46182.875 | D8: =IFERROR(VLOOKUP(G8,Infor!B:F,4,0),) -> 75" | E8: =IFERROR(VLOOKUP(G8,Infor!B:F,5,0),) -> L75S7_HVD | F8: BN44-01422A | G8: 0137750274CA | H8: 6500 | I8: =SUM(H8) -> 6500 | J8: =(K8+M8)-H8 -> -2078 | K8: =SUMIFS(Stock!$F:$F,Stock!$D:$D,Sheet3!G8) -> 4422 | L8: =SUMIFS(Plan!$E:$E,Plan!$C:$C,Sheet3!G8) -> 0 | M8: =SUMIFS(Plan!$F:$F,Plan!$C:$C,Sheet3!G8) -> 0 | N8: =SUMIFS(Plan!$G:$G,Plan!$C:$C,Sheet3!G8) -> 0 | O8: =SUMIFS(Plan!$H:$H,Plan!$C:$C,Sheet3!G8) -> 0 | P8: =SUMIFS(Plan!$I:$I,Plan!$C:$C,Sheet3!G8) -> 0 | Q8: =SUMIFS(Plan!$J:$J,Plan!$C:$C,Sheet3!G8) -> 0 | R8: =SUMIFS(Plan!$K:$K,Plan!$C:$C,Sheet3!G8) -> 0 | S8: =SUMIFS(Plan!$M:$M,Plan!$C:$C,Sheet3!G8) -> 0 | T8: =SUM(L8:S8) -> 0 | U8: =+K8+T8 -> 4422 | V8: =+U8-I8 -> -2078 | W8: SO over SOP
B9: SEDA | C9: 46182.875 | D9: =IFERROR(VLOOKUP(G9,Infor!B:F,4,0),) -> 55" | E9: =IFERROR(VLOOKUP(G9,Infor!B:F,5,0),) -> L55E70A_HVD | F9: BN44-01426A | G9: 0137556092CA | H9: 288 | I9: =SUM(H9) -> 288 | J9: =K9-H9 -> 7319 | K9: =SUMIFS(Stock!$F:$F,Stock!$D:$D,Sheet3!G9) -> 7607 | L9: =SUMIFS(Plan!$E:$E,Plan!$C:$C,Sheet3!G9) -> 0 | M9: =SUMIFS(Plan!$F:$F,Plan!$C:$C,Sheet3!G9) -> 0 | N9: =SUMIFS(Plan!$G:$G,Plan!$C:$C,Sheet3!G9) -> 0 | O9: =SUMIFS(Plan!$H:$H,Plan!$C:$C,Sheet3!G9) -> 0 | P9: =SUMIFS(Plan!$I:$I,Plan!$C:$C,Sheet3!G9) -> 0 | Q9: =SUMIFS(Plan!$J:$J,Plan!$C:$C,Sheet3!G9) -> 0 | R9: =SUMIFS(Plan!$K:$K,Plan!$C:$C,Sheet3!G9) -> 0 | S9: =SUMIFS(Plan!$M:$M,Plan!$C:$C,Sheet3!G9) -> 0 | T9: =SUM(L9:S9) -> 0 | U9: =+K9+T9 -> 7607 | V9: =+U9-I9 -> 7319
B10: SEDA | C10: 46183.708 | D10: =IFERROR(VLOOKUP(G11,Infor!B:F,4,0),) -> 65" | E10: =IFERROR(VLOOKUP(G11,Infor!B:F,5,0),) -> L65E70A_HVD | F10: BN44-01427A | G10: 0137650511CA | H10: 1464 | I10: =SUM(H10:H12) -> 1827 | J10: =U10-H10 -> 20231 | K10: =SUMIFS(Stock!$F:$F,Stock!$D:$D,Sheet3!G11)-528 -> 13895 | M10: =SUMIFS(Plan!$F:$F,Plan!$C:$C,Sheet3!G11) -> 0 | N10: =SUMIFS(Plan!$G:$G,Plan!$C:$C,Sheet3!G11) -> 0 | O10: =SUMIFS(Plan!$H:$H,Plan!$C:$C,Sheet3!G11) -> 0 | P10: =SUMIFS(Plan!$I:$I,Plan!$C:$C,Sheet3!G11) -> 0 | Q10: =SUMIFS(Plan!$J:$J,Plan!$C:$C,Sheet3!G11) -> 1462 | R10: =SUMIFS(Plan!$K:$K,Plan!$C:$C,Sheet3!G11) -> 0 | S10: =SUMIFS(Plan!$M:$M,Plan!$C:$C,Sheet3!G10) -> 3900 | T10: =SUM(L11:S12) -> 7800 | U10: =+K10+T10 -> 21695 | V10: =+U10-I10 -> 19868
B11: SEEG | C11: 46184.999 | G11: 0137650511CA | H11: 363 | J11: =J10-H11 -> 19868 | L11: =SUMIFS(Plan!$E:$E,Plan!$C:$C,Sheet3!G11) -> 0 | S11: =SUMIFS(Plan!$M:$M,Plan!$C:$C,Sheet3!G11) -> 3900
B12: SEDA | C12: 46183.708 | G12: 0137650511CA | S12: =SUMIFS(Plan!$M:$M,Plan!$C:$C,Sheet3!G12) -> 3900
B13: SEDA | C13: 46183.625 | D13: =IFERROR(VLOOKUP(G14,Infor!B:F,4,0),) -> 85" | E13: =IFERROR(VLOOKUP(G14,Infor!B:F,5,0),) -> L85E70NA_HVD | F13: BN44-01429A | G13: 0137850179CA | I13: =SUM(H13:H16) -> 789 | K13: =SUMIFS(Stock!$F:$F,Stock!$D:$D,Sheet3!G14)-374 -> 3056 | L13: =SUMIFS(Plan!$E:$E,Plan!$C:$C,Sheet3!G13) -> 0 | M13: =SUMIFS(Plan!$F:$F,Plan!$C:$C,Sheet3!G14) -> 0 | N13: =SUMIFS(Plan!$G:$G,Plan!$C:$C,Sheet3!G14) -> 0 | O13: =SUMIFS(Plan!$H:$H,Plan!$C:$C,Sheet3!G14) -> 0 | P13: =SUMIFS(Plan!$I:$I,Plan!$C:$C,Sheet3!G14) -> 0 | Q13: =SUMIFS(Plan!$J:$J,Plan!$C:$C,Sheet3!G14) -> 0 | R13: =SUMIFS(Plan!$K:$K,Plan!$C:$C,Sheet3!G14) -> 0 | S13: =SUMIFS(Plan!$M:$M,Plan!$C:$C,Sheet3!G13) -> 2000 | T13: =SUM(L13:S16) -> 2000 | U13: =+K13+T13 -> 5056 | V13: =+U13-I13 -> 4267
B14: SEDA | C14: 46182.875 | G14: 0137850179CA | H14: 85 | J14: 516
B15: SEEG | C15: Waiting booking | G15: 0137850179CA | H15: 500 | J15: =J14+N13+O13-H15 -> 16
B16: SEH | C16: 46185.499 | G16: 0137850179CA | H16: 204 | J16: =J15-H16 -> -188
B17: SAMEX | C17: 46184.999 | D17: =IFERROR(VLOOKUP(G17,Infor!B:F,4,0),) -> 65" | E17: =IFERROR(VLOOKUP(G17,Infor!B:F,5,0),) -> L65FE8N_HHS | F17: BN44-01441A | G17: 0137650521CA | H17: 2800 | I17: =SUM(H17:H18) -> 2910 | K17: =SUMIFS(Stock!$F:$F,Stock!$D:$D,Sheet3!G17) -> 1606 | L17: =SUMIFS(Plan!$E:$E,Plan!$C:$C,Sheet3!G17) -> 0 | M17: =SUMIFS(Plan!$F:$F,Plan!$C:$C,Sheet3!G17) -> 0 | N17: =SUMIFS(Plan!$G:$G,Plan!$C:$C,Sheet3!G17) -> 0 | O17: =SUMIFS(Plan!$H:$H,Plan!$C:$C,Sheet3!G17) -> 0 | P17: =SUMIFS(Plan!$I:$I,Plan!$C:$C,Sheet3!G17) -> 0 | Q17: =SUMIFS(Plan!$J:$J,Plan!$C:$C,Sheet3!G17) -> 1340 | R17: =SUMIFS(Plan!$K:$K,Plan!$C:$C,Sheet3!G17) -> 0 | S17: =SUMIFS(Plan!$M:$M,Plan!$C:$C,Sheet3!G17) -> 300 | T17: =SUM(L17:S17) -> 1640 | U17: =+K17+T17 -> 3246 | V17: =+U17-I17 -> 336
B18: SEEG | C18: Waiting booking | G18: 0137650521CA | H18: 110 | S18: =SUMIFS(Plan!$M:$M,Plan!$C:$C,Sheet3!G18) -> 300
B19: SEEG | C19: Waiting booking | D19: =IFERROR(VLOOKUP(G19,Infor!B:F,4,0),) -> 75" | E19: =IFERROR(VLOOKUP(G19,Infor!B:F,5,0),) -> L75S7N_HVD | F19: BN44-01422C | G19: 0137750276CA | H19: 6000 | I19: 6000 | J19: =K19-H19 -> -2550 | K19: =SUMIFS(Stock!$F:$F,Stock!$D:$D,Sheet3!G19) -> 3450 | L19: =SUMIFS(Plan!$E:$E,Plan!$C:$C,Sheet3!G19) -> 0 | M19: =SUMIFS(Plan!$F:$F,Plan!$C:$C,Sheet3!G19) -> 0 | N19: =SUMIFS(Plan!$G:$G,Plan!$C:$C,Sheet3!G19) -> 0 | O19: =SUMIFS(Plan!$H:$H,Plan!$C:$C,Sheet3!G19) -> 0 | P19: =SUMIFS(Plan!$I:$I,Plan!$C:$C,Sheet3!G19) -> 0 | Q19: =SUMIFS(Plan!$J:$J,Plan!$C:$C,Sheet3!G19) -> 0 | R19: =SUMIFS(Plan!$K:$K,Plan!$C:$C,Sheet3!G19) -> 0 | S19: =SUMIFS(Plan!$M:$M,Plan!$C:$C,Sheet3!G19) -> 2300 | T19: =SUM(L19:S19) -> 2300 | U19: =+K19+T19 -> 5750 | V19: =+U19-I19 -> -250
B20: SEEG | C20: Waiting booking | D20: =IFERROR(VLOOKUP(G20,Infor!B:F,4,0),) -> 65" | E20: =IFERROR(VLOOKUP(G20,Infor!B:F,5,0),) -> L65S8_HVD | F20: BN44-01433A | G20: 0137650496CA | H20: 1217 | I20: 1217 | J20: =K20-H20 -> 48323 | K20: =SUMIFS(Stock!$F:$F,Stock!$D:$D,Sheet3!G20) -> 49540 | L20: =SUMIFS(Plan!$E:$E,Plan!$C:$C,Sheet3!G20) -> 0 | M20: =SUMIFS(Plan!$F:$F,Plan!$C:$C,Sheet3!G20) -> 0 | N20: =SUMIFS(Plan!$G:$G,Plan!$C:$C,Sheet3!G20) -> 0 | O20: =SUMIFS(Plan!$H:$H,Plan!$C:$C,Sheet3!G20) -> 0 | P20: =SUMIFS(Plan!$I:$I,Plan!$C:$C,Sheet3!G20) -> 0 | Q20: =SUMIFS(Plan!$J:$J,Plan!$C:$C,Sheet3!G20) -> 0 | R20: =SUMIFS(Plan!$K:$K,Plan!$C:$C,Sheet3!G20) -> 0 | S20: =SUMIFS(Plan!$M:$M,Plan!$C:$C,Sheet3!G20) -> 0 | T20: =SUM(L20:S20) -> 0 | U20: =+K20+T20 -> 49540 | V20: =+U20-I20 -> 48323
B21: SEEG | C21: Waiting booking | D21: =IFERROR(VLOOKUP(G21,Infor!B:F,4,0),) -> 65" | E21: =IFERROR(VLOOKUP(G21,Infor!B:F,5,0),) -> L65S8N_HVD | F21: BN44-01433B | G21: 0137650517CA | H21: 800 | I21: =800 -> 800 | J21: =K21-H21 -> 1046 | K21: =SUMIFS(Stock!$F:$F,Stock!$D:$D,Sheet3!G21) -> 1846 | L21: =SUMIFS(Plan!$E:$E,Plan!$C:$C,Sheet3!G21) -> 0 | M21: =SUMIFS(Plan!$F:$F,Plan!$C:$C,Sheet3!G21) -> 0 | N21: =SUMIFS(Plan!$G:$G,Plan!$C:$C,Sheet3!G21) -> 0 | O21: =SUMIFS(Plan!$H:$H,Plan!$C:$C,Sheet3!G21) -> 0 | P21: =SUMIFS(Plan!$I:$I,Plan!$C:$C,Sheet3!G21) -> 0 | Q21: =SUMIFS(Plan!$J:$J,Plan!$C:$C,Sheet3!G21) -> 0 | R21: =SUMIFS(Plan!$K:$K,Plan!$C:$C,Sheet3!G21) -> 0 | S21: =SUMIFS(Plan!$M:$M,Plan!$C:$C,Sheet3!G21) -> 0 | T21: =SUM(L21:S21) -> 0 | U21: =+K21+T21 -> 1846 | V21: =+U21-I21 -> 1046
B22: SEH | C22: 46185.499 | D22: =IFERROR(VLOOKUP(G22,Infor!B:F,4,0),) -> 48" | E22: =IFERROR(VLOOKUP(G22,Infor!B:F,5,0),) -> L48CA9N_HVD | F22: BN44-01394A | G22: 0137480160CA | H22: =3035+2000 -> 5035 | I22: 5035 | J22: =K22-H22 -> 4399 | K22: =SUMIFS(Stock!$F:$F,Stock!$D:$D,Sheet3!G22) -> 9434 | L22: =SUMIFS(Plan!$E:$E,Plan!$C:$C,Sheet3!G22) -> 0 | M22: =SUMIFS(Plan!$F:$F,Plan!$C:$C,Sheet3!G22) -> 0 | N22: =SUMIFS(Plan!$G:$G,Plan!$C:$C,Sheet3!G22) -> 0 | O22: =SUMIFS(Plan!$H:$H,Plan!$C:$C,Sheet3!G22) -> 0 | P22: =SUMIFS(Plan!$I:$I,Plan!$C:$C,Sheet3!G22) -> 0 | Q22: =SUMIFS(Plan!$J:$J,Plan!$C:$C,Sheet3!G22) -> 156 | R22: =SUMIFS(Plan!$K:$K,Plan!$C:$C,Sheet3!G22) -> 0 | S22: =SUMIFS(Plan!$M:$M,Plan!$C:$C,Sheet3!G22) -> 0 | T22: =SUM(L22:S22) -> 156 | U22: =+K22+T22 -> 9590 | V22: =+U22-I22 -> 4555
B23: SEH | C23: 46185.499 | D23: =IFERROR(VLOOKUP(G23,Infor!B:F,4,0),) -> 55" | E23: =IFERROR(VLOOKUP(G23,Infor!B:F,5,0),) -> L55CA9N_HVD | F23: BN44-01395A | G23: 0137556089CA | H23: 2270 | I23: =2270 -> 2270 | J23: =SUM(K23:R23)-H23 -> 980 | K23: =SUMIFS(Stock!$F:$F,Stock!$D:$D,Sheet3!G23) -> 2076 | L23: =SUMIFS(Plan!$E:$E,Plan!$C:$C,Sheet3!G23) -> 0 | M23: =SUMIFS(Plan!$F:$F,Plan!$C:$C,Sheet3!G23) -> 0 | N23: =SUMIFS(Plan!$G:$G,Plan!$C:$C,Sheet3!G23) -> 0 | O23: =SUMIFS(Plan!$H:$H,Plan!$C:$C,Sheet3!G23) -> 0 | P23: =SUMIFS(Plan!$I:$I,Plan!$C:$C,Sheet3!G23) -> 0 | Q23: =SUMIFS(Plan!$J:$J,Plan!$C:$C,Sheet3!G23) -> 0 | R23: =SUMIFS(Plan!$K:$K,Plan!$C:$C,Sheet3!G23) -> 1174 | S23: =SUMIFS(Plan!$M:$M,Plan!$C:$C,Sheet3!G23) -> 0 | T23: =SUM(L23:S23) -> 1174 | U23: =+K23+T23 -> 3250 | V23: =+U23-I23 -> 980
B24: SEH | C24: 46185.499 | D24: =IFERROR(VLOOKUP(G24,Infor!B:F,4,0),) -> 55" | E24: =IFERROR(VLOOKUP(G24,Infor!B:F,5,0),) -> L55S7_HVD | F24: BN44-01420E | G24: 0137556113CA | H24: 25000 | I24: 25000 | J24: =U24-H24 -> -3060 | K24: =SUMIFS(Stock!$F:$F,Stock!$D:$D,Sheet3!G24) -> 12694 | L24: =SUMIFS(Plan!$E:$E,Plan!$C:$C,Sheet3!G24) -> 0 | M24: =SUMIFS(Plan!$F:$F,Plan!$C:$C,Sheet3!G24) -> 0 | N24: =SUMIFS(Plan!$G:$G,Plan!$C:$C,Sheet3!G24) -> 0 | O24: =SUMIFS(Plan!$H:$H,Plan!$C:$C,Sheet3!G24) -> 0 | P24: =SUMIFS(Plan!$I:$I,Plan!$C:$C,Sheet3!G24) -> 0 | Q24: =SUMIFS(Plan!$J:$J,Plan!$C:$C,Sheet3!G24) -> 5560 | R24: =SUMIFS(Plan!$K:$K,Plan!$C:$C,Sheet3!G24) -> 1986 | S24: =SUMIFS(Plan!$M:$M,Plan!$C:$C,Sheet3!G24) -> 1700 | T24: =SUM(L24:S24) -> 9246 | U24: =+K24+T24 -> 21940 | V24: =+U24-I24 -> -3060
B25: SEH | C25: 46185.499 | D25: =IFERROR(VLOOKUP(G25,Infor!B:F,4,0),) -> 55" | E25: =IFERROR(VLOOKUP(G25,Infor!B:F,5,0),) -> L55S7W_HVD | F25: BN44-01420H | G25: 0137556116CA | H25: 3183 | I25: 3183 | J25: =U25-H25 -> -3182 | K25: =SUMIFS(Stock!$F:$F,Stock!$D:$D,Sheet3!G25) -> 1 | L25: =SUMIFS(Plan!$E:$E,Plan!$C:$C,Sheet3!G25) -> 0 | M25: =SUMIFS(Plan!$F:$F,Plan!$C:$C,Sheet3!G25) -> 0 | N25: =SUMIFS(Plan!$G:$G,Plan!$C:$C,Sheet3!G25) -> 0 | O25: =SUMIFS(Plan!$H:$H,Plan!$C:$C,Sheet3!G25) -> 0 | P25: =SUMIFS(Plan!$I:$I,Plan!$C:$C,Sheet3!G25) -> 0 | Q25: =SUMIFS(Plan!$J:$J,Plan!$C:$C,Sheet3!G25) -> 0 | R25: =SUMIFS(Plan!$K:$K,Plan!$C:$C,Sheet3!G25) -> 0 | S25: =SUMIFS(Plan!$M:$M,Plan!$C:$C,Sheet3!G25) -> 0 | T25: =SUM(L25:S25) -> 0 | U25: =+K25+T25 -> 1 | V25: =+U25-I25 -> -3182
B26: SEH | C26: 46185.499 | D26: 55" | E26: M70H | F26: BN96-64398D | G26: 0187550437CA | H26: 10752 | I26: 10752 | J26: =U26-H26 -> -10200 | K26: =SUMIFS(Stock!$F:$F,Stock!$D:$D,Sheet3!G26) -> 552 | M26: =SUMIFS(Plan!$F:$F,Plan!$C:$C,Sheet3!G26) -> 0 | N26: =SUMIFS(Plan!$G:$G,Plan!$C:$C,Sheet3!G26) -> 0 | O26: =SUMIFS(Plan!$H:$H,Plan!$C:$C,Sheet3!G26) -> 0 | P26: =SUMIFS(Plan!$I:$I,Plan!$C:$C,Sheet3!G26) -> 0 | Q26: =SUMIFS(Plan!$J:$J,Plan!$C:$C,Sheet3!G26) -> 0 | R26: =SUMIFS(Plan!$K:$K,Plan!$C:$C,Sheet3!G26) -> 0 | T26: =SUM(L26:S26) -> 0 | U26: =+K26+T26 -> 552 | V26: =+U26-I26 -> -10200
D27: =IFERROR(VLOOKUP(G27,Infor!B:F,4,0),) -> 0 | K27: =SUMIFS(Stock!$F:$F,Stock!$D:$D,Sheet3!G27) -> 0 | L27: =SUMIFS(Plan!$E:$E,Plan!$C:$C,Sheet3!G27) -> 0 | M27: =SUMIFS(Plan!$F:$F,Plan!$C:$C,Sheet3!G27) -> 0 | N27: =SUMIFS(Plan!$G:$G,Plan!$C:$C,Sheet3!G27) -> 0 | O27: =SUMIFS(Plan!$H:$H,Plan!$C:$C,Sheet3!G27) -> 0 | P27: =SUMIFS(Plan!$I:$I,Plan!$C:$C,Sheet3!G27) -> 0 | Q27: =SUMIFS(Plan!$J:$J,Plan!$C:$C,Sheet3!G27) -> 0 | R27: =SUMIFS(Plan!$K:$K,Plan!$C:$C,Sheet3!G27) -> 0 | S27: =SUMIFS(Plan!$M:$M,Plan!$C:$C,Sheet3!G27) -> 0 | T27: =SUM(L27:S27) -> 0 | U27: =K27+T27 -> 0 | V27: =U27-I27 -> 0
I29: 963

Sheet Sheet3 (2)
H1: =SUM(H4:H47) -> 66137 | I1: =SUM(I4:I47) -> 66137 | K1: =SUM(K4:K56) -> 119326 | L1: =SUM(L4:L28) -> 0 | M1: =SUM(M4:M28) -> 0 | N1: =SUM(N4:N47) -> 0 | O1: =SUM(O4:O47) -> 0 | P1: =SUM(P4:P47) -> 0 | Q1: =SUM(Q4:Q47) -> 21221 | R1: =SUM(R4:R47) -> 14156 | S1: =SUM(S4:S28) -> 12000 | T1: =SUM(T4:T47) -> 58177 | U1: =SUM(U4:U56) -> 177503 | V1: =SUM(V4:V47) -> 103366
B2: Cus | C2: Cut off Cargo | D2: Inch | E2: Model | F2: BNCode | G2: 3in1Code(FG) | H2: PO Remain | I2: TTL Ship | J2: GAP | K2: ="O/stock"&DAY(TODAY())&"/"&MONTH(TODAY()) -> O/stock15/6 | L2: Plan | T2: TTL Plan | U2: TTLstock | V2: BALANCE
L3: 46181 | M3: =+L3+1 -> 46182 | N3: =+M3+1 -> 46183 | O3: =+N3+1 -> 46184 | P3: =+O3+1 -> 46185 | Q3: =+P3+1 -> 46186 | R3: =+Q3+1 -> 46187
A4: Ưu tiên xuất | B4: SAMEX | C4: 46184.999 | D4: =IFERROR(VLOOKUP(G4,Infor!B:F,4,0),) -> 65" | E4: =IFERROR(VLOOKUP(G4,Infor!B:F,5,0),) -> L65S7_HVD | F4: BN44-01421A | G4: 0137650504CA | I4: =SUM(H4:H4) -> 0 | J4: =U4-H4 -> 13564 | K4: =SUMIFS(Stock!$F:$F,Stock!$D:$D,'Sheet3 (2)'!G4) -> 8064 | L4: =SUMIFS(Plan!$E:$E,Plan!$C:$C,'Sheet3 (2)'!G4) -> 0 | M4: =SUMIFS(Plan!$F:$F,Plan!$C:$C,'Sheet3 (2)'!G4) -> 0 | N4: =SUMIFS(Plan!$G:$G,Plan!$C:$C,'Sheet3 (2)'!G4) -> 0 | O4: =SUMIFS(Plan!$H:$H,Plan!$C:$C,'Sheet3 (2)'!G4) -> 0 | P4: =SUMIFS(Plan!$I:$I,Plan!$C:$C,'Sheet3 (2)'!G4) -> 0 | Q4: =SUMIFS(Plan!$J:$J,Plan!$C:$C,'Sheet3 (2)'!G4) -> 0 | R4: =SUMIFS(Plan!$K:$K,Plan!$C:$C,'Sheet3 (2)'!G4) -> 0 | S4: =SUMIFS(Plan!$M:$M,Plan!$C:$C,'Sheet3 (2)'!G4) -> 5500 | T4: =SUM(L4:S4) -> 5500 | U4: =+K4+T4 -> 13564 | V4: =U4-I4 -> 13564
A5: Ưu tiên xuất | B5: SAMEX | C5: 46184.999 | D5: =IFERROR(VLOOKUP(G5,Infor!B:F,4,0),) -> 75" | E5: =IFERROR(VLOOKUP(G5,Infor!B:F,5,0),) -> L75S7A_HVD | F5: BN44-01422B | G5: 0137750275CA | I5: =SUM(H5:H6) -> 2496 | J5: 0 | K5: =SUMIFS(Stock!$F:$F,Stock!$D:$D,'Sheet3 (2)'!G5) -> 28 | L5: =SUMIFS(Plan!$E:$E,Plan!$C:$C,'Sheet3 (2)'!G5) -> 0 | M5: =SUMIFS(Plan!$F:$F,Plan!$C:$C,'Sheet3 (2)'!G5) -> 0 | N5: =SUMIFS(Plan!$G:$G,Plan!$C:$C,'Sheet3 (2)'!G5) -> 0 | O5: =SUMIFS(Plan!$H:$H,Plan!$C:$C,'Sheet3 (2)'!G5) -> 0 | P5: =SUMIFS(Plan!$I:$I,Plan!$C:$C,'Sheet3 (2)'!G5) -> 0 | Q5: =SUMIFS(Plan!$J:$J,Plan!$C:$C,'Sheet3 (2)'!G5) -> 0 | R5: =SUMIFS(Plan!$K:$K,Plan!$C:$C,'Sheet3 (2)'!G5) -> 0 | S5: =SUMIFS(Plan!$M:$M,Plan!$C:$C,'Sheet3 (2)'!G5) -> 2100 | T5: =SUM(L5:R6) -> 0 | U5: =+K5+T5 -> 28 | V5: =U5-I5 -> -2468
B6: SAMEX | C6: Waiting booking | D6: =IFERROR(VLOOKUP(G6,Infor!B:F,4,0),) -> 75" | G6: 0137750275CA | H6: 2496 | J6: 0 | L6: =SUMIFS(Plan!$E:$E,Plan!$C:$C,'Sheet3 (2)'!G6) -> 0 | M6: =SUMIFS(Plan!$F:$F,Plan!$C:$C,'Sheet3 (2)'!G6) -> 0 | S6: =SUMIFS(Plan!$M:$M,Plan!$C:$C,'Sheet3 (2)'!G6) -> 2100 | V6: =U6-I6 -> 0 | W6: Over SOP
B7: SEHC | C7: 46184.583 | D7: =IFERROR(VLOOKUP(G7,Infor!B:F,4,0),) -> 65" | E7: =IFERROR(VLOOKUP(G7,Infor!B:F,5,0),) -> L65FE8N_HHS | F7: BN44-01441A | G7: 0137650521CA | I7: =SUM(H7:H10) -> 146 | K7: =SUMIFS(Stock!$F:$F,Stock!$D:$D,'Sheet3 (2)'!G7) -> 1606 | M7: =SUMIFS(Plan!$F:$F,Plan!$C:$C,'Sheet3 (2)'!G7) -> 0 | N7: =SUMIFS(Plan!$G:$G,Plan!$C:$C,'Sheet3 (2)'!G7) -> 0 | O7: =SUMIFS(Plan!$H:$H,Plan!$C:$C,'Sheet3 (2)'!G8) -> 0 | P7: =SUMIFS(Plan!$I:$I,Plan!$C:$C,'Sheet3 (2)'!G7) -> 0 | Q7: =SUMIFS(Plan!$J:$J,Plan!$C:$C,'Sheet3 (2)'!G7) -> 1340 | R7: =SUMIFS(Plan!$K:$K,Plan!$C:$C,'Sheet3 (2)'!G7) -> 0 | T7: =SUM(N7:S10) -> 1940 | U7: =+K7+T7 -> 3546 | V7: =U7-I7 -> 3400
B8: SAMEX | C8: 46184.999 | D8: =IFERROR(VLOOKUP(G8,Infor!B:F,4,0),) -> 65" | G8: 0137650521CA | S8: =SUMIFS(Plan!$M:$M,Plan!$C:$C,'Sheet3 (2)'!G8) -> 300 | V8: =U8-I8 -> 0
B9: SEEG | C9: Waiting booking | D9: =IFERROR(VLOOKUP(G9,Infor!B:F,4,0),) -> 65" | G9: 0137650521CA | H9: 110 | J9: =(K7+O7+P7)-H9 -> 1496 | L9: =SUMIFS(Plan!$E:$E,Plan!$C:$C,'Sheet3 (2)'!G9) -> 0 | M9: =SUMIFS(Plan!$F:$F,Plan!$C:$C,'Sheet3 (2)'!G25) -> 0 | S9: =SUMIFS(Plan!$M:$M,Plan!$C:$C,'Sheet3 (2)'!G9) -> 300 | V9: =U9-I9 -> 0
B10: SIEL | C10: Waiting booking | D10: =IFERROR(VLOOKUP(G10,Infor!B:F,4,0),) -> 65" | G10: 0137650521CA | H10: 36 | J10: =J9-H10 -> 1460 | M10: =SUMIFS(Plan!$F:$F,Plan!$C:$C,'Sheet3 (2)'!G10) -> 0 | V10: =U10-I10 -> 0
B11: SEHC | C11: 46184.583 | D11: =IFERROR(VLOOKUP(G11,Infor!B:F,4,0),) -> 65" | E11: =IFERROR(VLOOKUP(G11,Infor!B:F,5,0),) -> L65E70A_HVD | F11: BN44-01427A | G11: 0137650511CA | I11: =SUM(H11:H12) -> 363 | K11: =SUMIFS(Stock!$F:$F,Stock!$D:$D,'Sheet3 (2)'!G11) -> 14423 | M11: =SUMIFS(Plan!$F:$F,Plan!$C:$C,'Sheet3 (2)'!G11) -> 0 | N11: =SUMIFS(Plan!$G:$G,Plan!$C:$C,'Sheet3 (2)'!G11) -> 0 | O11: =SUMIFS(Plan!$H:$H,Plan!$C:$C,'Sheet3 (2)'!G11) -> 0 | P11: =SUMIFS(Plan!$I:$I,Plan!$C:$C,'Sheet3 (2)'!G11) -> 0 | Q11: =SUMIFS(Plan!$J:$J,Plan!$C:$C,'Sheet3 (2)'!G11) -> 1462 | R11: =SUMIFS(Plan!$K:$K,Plan!$C:$C,'Sheet3 (2)'!G11) -> 0 | T11: =SUM(N11:S12) -> 1462 | U11: =+K11+T11 -> 15885 | V11: =U11-I11 -> 15522
B12: SEEG | C12: Waiting booking | D12: =IFERROR(VLOOKUP(G12,Infor!B:F,4,0),) -> 65" | G12: 0137650511CA | H12: 363 | J12: =(K11+O11)-H12 -> 14060 | L12: =SUMIFS(Plan!$E:$E,Plan!$C:$C,'Sheet3 (2)'!G12) -> 0 | M12: =SUMIFS(Plan!$F:$F,Plan!$C:$C,'Sheet3 (2)'!G12) -> 0 | V12: =U12-I12 -> 0
B13: SEHC | C13: 46184.583 | D13: =IFERROR(VLOOKUP(G13,Infor!B:F,4,0),) -> 65" | E13: =IFERROR(VLOOKUP(G13,Infor!B:F,5,0),) -> L65S8_HVD | F13: BN44-01433A | G13: 0137650496CA | I13: =SUM(H13:H14) -> 1217 | K13: =SUMIFS(Stock!$F:$F,Stock!$D:$D,'Sheet3 (2)'!G13) -> 49540 | L13: =SUMIFS(Plan!$E:$E,Plan!$C:$C,'Sheet3 (2)'!G13) -> 0 | M13: =SUMIFS(Plan!$F:$F,Plan!$C:$C,'Sheet3 (2)'!G13) -> 0 | N13: =SUMIFS(Plan!$G:$G,Plan!$C:$C,'Sheet3 (2)'!G13) -> 0 | O13: =SUMIFS(Plan!$H:$H,Plan!$C:$C,'Sheet3 (2)'!G13) -> 0 | P13: =SUMIFS(Plan!$I:$I,Plan!$C:$C,'Sheet3 (2)'!G13) -> 0 | Q13: =SUMIFS(Plan!$J:$J,Plan!$C:$C,'Sheet3 (2)'!G13) -> 0 | R13: =SUMIFS(Plan!$K:$K,Plan!$C:$C,'Sheet3 (2)'!G13) -> 0 | S13: =SUMIFS(Plan!$M:$M,Plan!$C:$C,'Sheet3 (2)'!G13) -> 0 | T13: =SUM(L13:S13) -> 0 | U13: =+K13+T13 -> 49540 | V13: =U13-I13 -> 48323
B14: SEEG | C14: Waiting booking | D14: =IFERROR(VLOOKUP(G14,Infor!B:F,4,0),) -> 65" | G14: 0137650496CA | H14: 1217 | J14: =K13-H14 -> 48323 | L14: =SUMIFS(Plan!$E:$E,Plan!$C:$C,'Sheet3 (2)'!G14) -> 0 | S14: =SUMIFS(Plan!$M:$M,Plan!$C:$C,'Sheet3 (2)'!G14) -> 0
B15: SEHC | C15: 46184.583 | D15: =IFERROR(VLOOKUP(G15,Infor!B:F,4,0),) -> 55" | E15: =IFERROR(VLOOKUP(G15,Infor!B:F,5,0),) -> L55E70A_HVD | F15: BN44-01426A | G15: 0137556092CA | I15: =SUM(H15:H17) -> 5336 | K15: =SUMIFS(Stock!$F:$F,Stock!$D:$D,'Sheet3 (2)'!G15) -> 7607 | L15: =SUMIFS(Plan!$E:$E,Plan!$C:$C,'Sheet3 (2)'!G15) -> 0 | M15: =SUMIFS(Plan!$F:$F,Plan!$C:$C,'Sheet3 (2)'!G15) -> 0 | N15: =SUMIFS(Plan!$G:$G,Plan!$C:$C,'Sheet3 (2)'!G15) -> 0 | O15: =SUMIFS(Plan!$H:$H,Plan!$C:$C,'Sheet3 (2)'!G15) -> 0 | P15: =SUMIFS(Plan!$I:$I,Plan!$C:$C,'Sheet3 (2)'!G15) -> 0 | Q15: =SUMIFS(Plan!$J:$J,Plan!$C:$C,'Sheet3 (2)'!G15) -> 0 | R15: =SUMIFS(Plan!$K:$K,Plan!$C:$C,'Sheet3 (2)'!G15) -> 0 | S15: =SUMIFS(Plan!$M:$M,Plan!$C:$C,'Sheet3 (2)'!G15) -> 0 | T15: =SUM(L15:S15) -> 0 | U15: =+K15+T15 -> 7607 | V15: =U15-I15 -> 2271
B16: SAMEX | C16: Waiting booking | D16: =IFERROR(VLOOKUP(G16,Infor!B:F,4,0),) -> 55" | G16: 0137556092CA | H16: 5000 | J16: =K15-H16 -> 2607 | L16: =SUMIFS(Plan!$E:$E,Plan!$C:$C,'Sheet3 (2)'!G16) -> 0 | M16: =SUMIFS(Plan!$F:$F,Plan!$C:$C,'Sheet3 (2)'!G16) -> 0 | S16: =SUMIFS(Plan!$M:$M,Plan!$C:$C,'Sheet3 (2)'!G16) -> 0 | V16: =U16-I16 -> 0
B17: SEH | C17: Waiting booking | D17: =IFERROR(VLOOKUP(G17,Infor!B:F,4,0),) -> 55" | G17: 0137556092CA | H17: 336 | J17: =J16-H17 -> 2271 | V17: =U17-I17 -> 0
B18: SEHC | C18: 46184.583 | D18: =IFERROR(VLOOKUP(G18,Infor!B:F,4,0),) -> 55" | E18: =IFERROR(VLOOKUP(G18,Infor!B:F,5,0),) -> L55E70NA_HVD | F18: BN44-01426B | G18: 0137556107CA | I18: =SUM(H18:H19) -> 1500 | K18: =SUMIFS(Stock!$F:$F,Stock!$D:$D,'Sheet3 (2)'!G18) -> 1539 | L18: =SUMIFS(Plan!$E:$E,Plan!$C:$C,'Sheet3 (2)'!G18) -> 0 | M18: =SUMIFS(Plan!$F:$F,Plan!$C:$C,'Sheet3 (2)'!G18) -> 0 | N18: =SUMIFS(Plan!$G:$G,Plan!$C:$C,'Sheet3 (2)'!G18) -> 0 | O18: =SUMIFS(Plan!$H:$H,Plan!$C:$C,'Sheet3 (2)'!G18) -> 0 | P18: =SUMIFS(Plan!$I:$I,Plan!$C:$C,'Sheet3 (2)'!G18) -> 0 | Q18: =SUMIFS(Plan!$J:$J,Plan!$C:$C,'Sheet3 (2)'!G18) -> 0 | R18: =SUMIFS(Plan!$K:$K,Plan!$C:$C,'Sheet3 (2)'!G18) -> 0 | S18: =SUMIFS(Plan!$M:$M,Plan!$C:$C,'Sheet3 (2)'!G18) -> 0 | T18: =SUM(L18:R19) -> 0 | U18: =+K18+T18 -> 1539 | V18: =U18-I18 -> 39
B19: SIEL | C19: Waiting booking | D19: =IFERROR(VLOOKUP(G19,Infor!B:F,4,0),) -> 55" | G19: 0137556107CA | H19: 1500 | J19: =(K18+O18+P18+Q18++R18)-H19 -> 39 | L19: =SUMIFS(Plan!$E:$E,Plan!$C:$C,'Sheet3 (2)'!G19) -> 0 | M19: =SUMIFS(Plan!$F:$F,Plan!$C:$C,'Sheet3 (2)'!G19) -> 0 | S19: =SUMIFS(Plan!$M:$M,Plan!$C:$C,'Sheet3 (2)'!G19) -> 0 | V19: =U19-I19 -> 0
B20: SEHC | C20: 46184.583 | D20: =IFERROR(VLOOKUP(G20,Infor!B:F,4,0),) -> 55" | E20: =IFERROR(VLOOKUP(G20,Infor!B:F,5,0),) -> L55S7_HVD | F20: BN44-01420E | G20: 0137556113CA | I20: =SUM(H20) -> 0 | J20: =(K20+N20)-H20 -> -7306 | K20: =SUMIFS(Stock!$F:$F,Stock!$D:$D,'Sheet3 (2)'!G20)-20000 -> -7306 | L20: =SUMIFS(Plan!$E:$E,Plan!$C:$C,'Sheet3 (2)'!G20) -> 0 | M20: =SUMIFS(Plan!$F:$F,Plan!$C:$C,'Sheet3 (2)'!G20) -> 0 | N20: =SUMIFS(Plan!$G:$G,Plan!$C:$C,'Sheet3 (2)'!G20) -> 0 | O20: =SUMIFS(Plan!$H:$H,Plan!$C:$C,'Sheet3 (2)'!G20) -> 0 | P20: =SUMIFS(Plan!$I:$I,Plan!$C:$C,'Sheet3 (2)'!G20) -> 0 | Q20: =SUMIFS(Plan!$J:$J,Plan!$C:$C,'Sheet3 (2)'!G20) -> 5560 | R20: =SUMIFS(Plan!$K:$K,Plan!$C:$C,'Sheet3 (2)'!G20) -> 1986 | S20: =SUMIFS(Plan!$M:$M,Plan!$C:$C,'Sheet3 (2)'!G20) -> 1700 | T20: =SUM(L20:S20) -> 9246 | U20: =+K20+T20 -> 1940 | V20: =+U20-I20 -> 1940
B21: SEHC | C21: 46184.583 | D21: =IFERROR(VLOOKUP(G21,Infor!B:F,4,0),) -> 55" | E21: =IFERROR(VLOOKUP(G21,Infor!B:F,5,0),) -> L55S7N_HVD | F21: BN44-01420G | G21: 0137556115CA | H21: 2000 | I21: =SUM(H21) -> 2000 | J21: =K21-H21 -> 2164 | K21: =SUMIFS(Stock!$F:$F,Stock!$D:$D,'Sheet3 (2)'!G21)-2000 -> 4164 | M21: =SUMIFS(Plan!$F:$F,Plan!$C:$C,'Sheet3 (2)'!G21) -> 0 | N21: =SUMIFS(Plan!$G:$G,Plan!$C:$C,'Sheet3 (2)'!G21) -> 0 | O21: =SUMIFS(Plan!$H:$H,Plan!$C:$C,'Sheet3 (2)'!G21) -> 0 | P21: =SUMIFS(Plan!$I:$I,Plan!$C:$C,'Sheet3 (2)'!G21) -> 0 | Q21: =SUMIFS(Plan!$J:$J,Plan!$C:$C,'Sheet3 (2)'!G21) -> 0 | R21: =SUMIFS(Plan!$K:$K,Plan!$C:$C,'Sheet3 (2)'!G21) -> 0 | T21: =SUM(L21:S21) -> 0 | U21: =+K21+T21 -> 4164 | V21: =U21-I21 -> 2164
B22: SEHC | C22: 46185.583 | D22: =IFERROR(VLOOKUP(G22,Infor!B:F,4,0),) -> 55" | E22: =IFERROR(VLOOKUP(G22,Infor!B:F,5,0),) -> L55F70NA_HHS | F22: BN44-01438A | G22: 0137556101CA | H22: 125 | I22: =SUM(H22) -> 125 | J22: =(K22+N22+O22+P22)-H22 -> 512 | K22: =SUMIFS(Stock!$F:$F,Stock!$D:$D,'Sheet3 (2)'!G22) -> 637 | L22: =SUMIFS(Plan!$E:$E,Plan!$C:$C,'Sheet3 (2)'!G22) -> 0 | M22: =SUMIFS(Plan!$F:$F,Plan!$C:$C,'Sheet3 (2)'!G22) -> 0 | N22: =SUMIFS(Plan!$G:$G,Plan!$C:$C,'Sheet3 (2)'!G22) -> 0 | O22: =SUMIFS(Plan!$H:$H,Plan!$C:$C,'Sheet3 (2)'!G22) -> 0 | P22: =SUMIFS(Plan!$I:$I,Plan!$C:$C,'Sheet3 (2)'!G22) -> 0 | Q22: =SUMIFS(Plan!$J:$J,Plan!$C:$C,'Sheet3 (2)'!G22) -> 2663 | R22: =SUMIFS(Plan!$K:$K,Plan!$C:$C,'Sheet3 (2)'!G22) -> 2300 | S22: =SUMIFS(Plan!$M:$M,Plan!$C:$C,'Sheet3 (2)'!G22) -> 0 | T22: =SUM(L22:S22) -> 4963 | U22: =+K22+T22 -> 5600 | V22: =U22-I22 -> 5475
D23: =IFERROR(VLOOKUP(G23,Infor!B:F,4,0),) -> 0 | E23: =IFERROR(VLOOKUP(G23,Infor!B:F,5,0),) -> 0 | F23: BN44-01420H | I23: =SUM(H23) -> 0 | J23: =U23-H23 -> 0 | K23: =SUMIFS(Stock!$F:$F,Stock!$D:$D,'Sheet3 (2)'!G23) -> 0 | N23: =SUMIFS(Plan!$G:$G,Plan!$C:$C,'Sheet3 (2)'!G23) -> 0 | O23: =SUMIFS(Plan!$H:$H,Plan!$C:$C,'Sheet3 (2)'!G23) -> 0 | P23: =SUMIFS(Plan!$I:$I,Plan!$C:$C,'Sheet3 (2)'!G23) -> 0 | Q23: =SUMIFS(Plan!$J:$J,Plan!$C:$C,'Sheet3 (2)'!G23) -> 0 | R23: =SUMIFS(Plan!$K:$K,Plan!$C:$C,'Sheet3 (2)'!G23) -> 0 | T23: =SUM(L23:S23) -> 0 | U23: =+K23+T23 -> 0 | V23: =U23-I23 -> 0
B24: SEH | C24: 46186.499 | D24: =IFERROR(VLOOKUP(G24,Infor!B:F,4,0),) -> 55" | E24: =IFERROR(VLOOKUP(G24,Infor!B:F,5,0),) -> M70H | F24: BN96-64398D | G24: 0187550437CA | H24: 10752 | I24: =SUM(H24) -> 10752 | J24: =(K24+P24)-H24 -> -10200 | K24: =SUMIFS(Stock!$F:$F,Stock!$D:$D,'Sheet3 (2)'!G24) -> 552 | N24: =SUMIFS(Plan!$G:$G,Plan!$C:$C,'Sheet3 (2)'!G24) -> 0 | O24: =SUMIFS(Plan!$H:$H,Plan!$C:$C,'Sheet3 (2)'!G24) -> 0 | P24: =SUMIFS(Plan!$I:$I,Plan!$C:$C,'Sheet3 (2)'!G24) -> 0 | Q24: =SUMIFS(Plan!$J:$J,Plan!$C:$C,'Sheet3 (2)'!G24) -> 0 | R24: =SUMIFS(Plan!$K:$K,Plan!$C:$C,'Sheet3 (2)'!G24) -> 0 | S24: =SUMIFS(Plan!$M:$M,Plan!$C:$C,'Sheet3 (2)'!G24) -> 0 | T24: =SUM(L24:S24) -> 0 | U24: =+K24+T24 -> 552 | V24: =U24-I24 -> -10200
B25: SEH | C25: 46186.499 | D25: =IFERROR(VLOOKUP(G25,Infor!B:F,4,0),) -> 48" | E25: =IFERROR(VLOOKUP(G25,Infor!B:F,5,0),) -> L48CA9N_HVD | F25: BN44-01394A | G25: 0137480160CA | I25: =SUM(H25:H26) -> 2000 | J25: =K25-H25 -> 9434 | K25: =SUMIFS(Stock!$F:$F,Stock!$D:$D,'Sheet3 (2)'!G25) -> 9434 | N25: =SUMIFS(Plan!$G:$G,Plan!$C:$C,'Sheet3 (2)'!G25) -> 0 | O25: =SUMIFS(Plan!$H:$H,Plan!$C:$C,'Sheet3 (2)'!G25) -> 0 | P25: =SUMIFS(Plan!$I:$I,Plan!$C:$C,'Sheet3 (2)'!G25) -> 0 | Q25: =SUMIFS(Plan!$J:$J,Plan!$C:$C,'Sheet3 (2)'!G25) -> 156 | R25: =SUMIFS(Plan!$K:$K,Plan!$C:$C,'Sheet3 (2)'!G25) -> 0 | T25: =SUM(L25:R26) -> 156 | U25: =K25+T25 -> 9590 | V25: =U25-I25 -> 7590
B26: SEH | C26: Waiting booking | D26: =IFERROR(VLOOKUP(G26,Infor!B:F,4,0),) -> 48" | G26: 0137480160CA | H26: 2000 | J26: =J25-H26 -> 7434 | L26: =SUMIFS(Plan!$E:$E,Plan!$C:$C,'Sheet3 (2)'!G26) -> 0 | M26: =SUMIFS(Plan!$F:$F,Plan!$C:$C,'Sheet3 (2)'!G26) -> 0 | S26: =SUMIFS(Plan!$M:$M,Plan!$C:$C,'Sheet3 (2)'!G26) -> 0 | V26: =U26-I26 -> 0
B27: SEH | C27: 46186.499 | D27: =IFERROR(VLOOKUP(G27,Infor!B:F,4,0),) -> 55" | E27: =IFERROR(VLOOKUP(G27,Infor!B:F,5,0),) -> L55CA9N_HVD | F27: BN44-01395A | G27: 0137556089CA | I27: =SUM(H27:H28) -> 4870 | J27: =(K27+O27+P27)-H27 -> 2076 | K27: =SUMIFS(Stock!$F:$F,Stock!$D:$D,'Sheet3 (2)'!G27) -> 2076 | N27: =SUMIFS(Plan!$G:$G,Plan!$C:$C,'Sheet3 (2)'!G28) -> 0 | O27: =SUMIFS(Plan!$H:$H,Plan!$C:$C,'Sheet3 (2)'!G28) -> 0 | P27: =SUMIFS(Plan!$I:$I,Plan!$C:$C,'Sheet3 (2)'!G28) -> 0 | Q27: =SUMIFS(Plan!$J:$J,Plan!$C:$C,'Sheet3 (2)'!G28) -> 0 | R27: =SUMIFS(Plan!$K:$K,Plan!$C:$C,'Sheet3 (2)'!G28) -> 1174 | T27: =SUM(N27:S28) -> 1174 | U27: =K27+T27 -> 3250 | V27: =U27-I27 -> -1620
B28: SAMEX | C28: Waiting booking | D28: =IFERROR(VLOOKUP(G28,Infor!B:F,4,0),) -> 55" | G28: 0137556089CA | H28: 4870 | J28: =(J27+R27)-H28 -> -1620 | L28: =SUMIFS(Plan!$E:$E,Plan!$C:$C,'Sheet3 (2)'!G28) -> 0 | M28: =SUMIFS(Plan!$F:$F,Plan!$C:$C,'Sheet3 (2)'!G28) -> 0 | S28: =SUMIFS(Plan!$M:$M,Plan!$C:$C,'Sheet3 (2)'!G28) -> 0 | V28: =U28-I28 -> 0
B29: SAMEX | C29: Waiting booking | D29: =IFERROR(VLOOKUP(G29,Infor!B:F,4,0),) -> 65" | E29: =IFERROR(VLOOKUP(G29,Infor!B:F,5,0),) -> L65S7A_HVD | F29: BN44-01421B | G29: 0137650505CA | H29: 20469 | I29: =SUM(H29) -> 20469 | J29: =(K29+O29+P29+Q29+R29)-H29 -> 4961 | K29: =SUMIFS(Stock!$F:$F,Stock!$D:$D,'Sheet3 (2)'!G29) -> 11448 | L29: =SUMIFS(Plan!$E:$E,Plan!$C:$C,'Sheet3 (2)'!G29) -> 0 | M29: =SUMIFS(Plan!$F:$F,Plan!$C:$C,'Sheet3 (2)'!G29) -> 0 | N29: =SUMIFS(Plan!$G:$G,Plan!$C:$C,'Sheet3 (2)'!G29) -> 0 | O29: =SUMIFS(Plan!$H:$H,Plan!$C:$C,'Sheet3 (2)'!G29) -> 0 | P29: =SUMIFS(Plan!$I:$I,Plan!$C:$C,'Sheet3 (2)'!G29) -> 0 | Q29: =SUMIFS(Plan!$J:$J,Plan!$C:$C,'Sheet3 (2)'!G29) -> 7360 | R29: =SUMIFS(Plan!$K:$K,Plan!$C:$C,'Sheet3 (2)'!G29) -> 6622 | S29: =SUMIFS(Plan!$M:$M,Plan!$C:$C,'Sheet3 (2)'!G29) -> 0 | T29: =SUM(L29:S29) -> 13982 | U29: =+K29+T29 -> 25430 | V29: =U29-I29 -> 4961
B30: SEEG | C30: Waiting booking | D30: =IFERROR(VLOOKUP(G30,Infor!B:F,4,0),) -> 65" | E30: =IFERROR(VLOOKUP(G30,Infor!B:F,5,0),) -> L65CA9N_HVD | F30: BN44-01396A | G30: 0137650478CA | H30: 150 | I30: =SUM(H30:H32) -> 6058 | J30: =(K30+O30+P30)-H30 -> 6638 | K30: =SUMIFS(Stock!$F:$F,Stock!$D:$D,'Sheet3 (2)'!G30) -> 6788 | L30: =SUMIFS(Plan!$E:$E,Plan!$C:$C,'Sheet3 (2)'!G30) -> 0 | M30: =SUMIFS(Plan!$F:$F,Plan!$C:$C,'Sheet3 (2)'!G30) -> 0 | N30: =SUMIFS(Plan!$G:$G,Plan!$C:$C,'Sheet3 (2)'!G30) -> 0 | O30: =SUMIFS(Plan!$H:$H,Plan!$C:$C,'Sheet3 (2)'!G30) -> 0 | P30: =SUMIFS(Plan!$I:$I,Plan!$C:$C,'Sheet3 (2)'!G30) -> 0 | Q30: =SUMIFS(Plan!$J:$J,Plan!$C:$C,'Sheet3 (2)'!G30) -> 2680 | R30: =SUMIFS(Plan!$K:$K,Plan!$C:$C,'Sheet3 (2)'!G30) -> 2074 | S30: =SUMIFS(Plan!$M:$M,Plan!$C:$C,'Sheet3 (2)'!G30) -> 2700 | T30: =SUM(L30:S30) -> 7454 | U30: =K30+T30 -> 14242 | V30: =U30-I30 -> 8184
B31: SAMEX | C31: Waiting booking | D31: =IFERROR(VLOOKUP(G31,Infor!B:F,4,0),) -> 65" | G31: 0137650478CA | H31: 5000 | J31: =(J30+Q30+R30)-H31 -> 6392 | L31: =SUMIFS(Plan!$E:$E,Plan!$C:$C,'Sheet3 (2)'!G31) -> 0 | M31: =SUMIFS(Plan!$F:$F,Plan!$C:$C,'Sheet3 (2)'!G31) -> 0 | S31: =SUMIFS(Plan!$M:$M,Plan!$C:$C,'Sheet3 (2)'!G31) -> 2700 | V31: =U31-I31 -> 0
B32: SEH | C32: Waiting booking | D32: =IFERROR(VLOOKUP(G32,Infor!B:F,4,0),) -> 65" | G32: 0137650478CA | H32: 908 | J32: =J31-H32 -> 5484 | L32: =SUMIFS(Plan!$E:$E,Plan!$C:$C,'Sheet3 (2)'!G32) -> 0 | M32: =SUMIFS(Plan!$F:$F,Plan!$C:$C,'Sheet3 (2)'!G32) -> 0 | S32: =SUMIFS(Plan!$M:$M,Plan!$C:$C,'Sheet3 (2)'!G32) -> 2700 | V32: =U32-I32 -> 0
B33: SEEG | C33: Waiting booking | D33: =IFERROR(VLOOKUP(G33,Infor!B:F,4,0),) -> 75" | E33: =IFERROR(VLOOKUP(G33,Infor!B:F,5,0),) -> L75S7N_HVD | F33: BN44-01422C | G33: 0137750276CA | H33: 6000 | I33: =SUM(H33) -> 6000 | J33: =K33-H33 -> -2550 | K33: =SUMIFS(Stock!$F:$F,Stock!$D:$D,'Sheet3 (2)'!G33) -> 3450 | L33: =SUMIFS(Plan!$E:$E,Plan!$C:$C,'Sheet3 (2)'!G33) -> 0 | M33: =SUMIFS(Plan!$F:$F,Plan!$C:$C,'Sheet3 (2)'!G33) -> 0 | N33: =SUMIFS(Plan!$G:$G,Plan!$C:$C,'Sheet3 (2)'!G33) -> 0 | O33: =SUMIFS(Plan!$H:$H,Plan!$C:$C,'Sheet3 (2)'!G33) -> 0 | P33: =SUMIFS(Plan!$I:$I,Plan!$C:$C,'Sheet3 (2)'!G33) -> 0 | Q33: =SUMIFS(Plan!$J:$J,Plan!$C:$C,'Sheet3 (2)'!G33) -> 0 | R33: =SUMIFS(Plan!$K:$K,Plan!$C:$C,'Sheet3 (2)'!G33) -> 0 | S33: =SUMIFS(Plan!$M:$M,Plan!$C:$C,'Sheet3 (2)'!G33) -> 2300 | T33: =SUM(L33:S33) -> 2300 | U33: =+K33+T33 -> 5750 | V33: =U33-I33 -> -250
B34: SEH | C34: 46186.499 | D34: =IFERROR(VLOOKUP(G34,Infor!B:F,4,0),) -> 85" | E34: =IFERROR(VLOOKUP(G34,Infor!B:F,5,0),) -> L85E70NA_HVD | F34: BN44-01429A | G34: 0137850179CA | I34: =SUM(H34:H38) -> 1708 | J34: =(K34+O34)-H34 -> 3430 | K34: =SUMIFS(Stock!$F:$F,Stock!$D:$D,'Sheet3 (2)'!G35) -> 3430 | L34: =SUMIFS(Plan!$E:$E,Plan!$C:$C,'Sheet3 (2)'!G34) -> 0 | M34: =SUMIFS(Plan!$F:$F,Plan!$C:$C,'Sheet3 (2)'!G34) -> 0 | N34: =SUMIFS(Plan!$G:$G,Plan!$C:$C,'Sheet3 (2)'!G14) -> 0 | O34: =SUMIFS(Plan!$H:$H,Plan!$C:$C,'Sheet3 (2)'!G35) -> 0 | P34: =SUMIFS(Plan!$I:$I,Plan!$C:$C,'Sheet3 (2)'!G35) -> 0 | Q34: =SUMIFS(Plan!$J:$J,Plan!$C:$C,'Sheet3 (2)'!G35) -> 0 | R34: =SUMIFS(Plan!$K:$K,Plan!$C:$C,'Sheet3 (2)'!G35) -> 0 | S34: =SUMIFS(Plan!$M:$M,Plan!$C:$C,'Sheet3 (2)'!G34) -> 2000 | T34: =SUM(L34:S34) -> 2000 | U34: =+K34+T34 -> 5430 | V34: =+U34-I34 -> 3722
B35: SEEG | C35: Waiting booking | D35: =IFERROR(VLOOKUP(G35,Infor!B:F,4,0),) -> 85" | G35: 0137850179CA | H35: 500 | J35: =J34-H35 -> 2930 | M35: =SUMIFS(Plan!$F:$F,Plan!$C:$C,'Sheet3 (2)'!G14) -> 0 | S35: =SUMIFS(Plan!$M:$M,Plan!$C:$C,'Sheet3 (2)'!G35) -> 2000 | T35: =SUM(L35:S35) -> 2000 | U35: =+K35+T35 -> 2000
B36: SAMEX | C36: Waiting booking | D36: =IFERROR(VLOOKUP(G36,Infor!B:F,4,0),) -> 85" | G36: 0137850179CA | H36: 963 | J36: =J35-H36 -> 1967 | L36: =SUMIFS(Plan!$E:$E,Plan!$C:$C,'Sheet3 (2)'!G36) -> 0 | M36: =SUMIFS(Plan!$F:$F,Plan!$C:$C,'Sheet3 (2)'!G36) -> 0 | S36: =SUMIFS(Plan!$M:$M,Plan!$C:$C,'Sheet3 (2)'!G36) -> 2000 | T36: =SUM(L36:S36) -> 2000 | U36: =+K36+T36 -> 2000
B37: SEH | C37: Waiting booking | D37: =IFERROR(VLOOKUP(G37,Infor!B:F,4,0),) -> 85" | G37: 0137850179CA | H37: 194 | J37: =J36-H37 -> 1773 | L37: =SUMIFS(Plan!$E:$E,Plan!$C:$C,'Sheet3 (2)'!G37) -> 0 | M37: =SUMIFS(Plan!$F:$F,Plan!$C:$C,'Sheet3 (2)'!G37) -> 0 | S37: =SUMIFS(Plan!$M:$M,Plan!$C:$C,'Sheet3 (2)'!G37) -> 2000 | T37: =SUM(L37:S37) -> 2000 | U37: =+K37+T37 -> 2000
B38: SIEL | C38: Waiting booking | D38: =IFERROR(VLOOKUP(G38,Infor!B:F,4,0),) -> 85" | G38: 0137850179CA | H38: 51 | J38: =J37-H38 -> 1722 | L38: =SUMIFS(Plan!$E:$E,Plan!$C:$C,'Sheet3 (2)'!G38) -> 0 | M38: =SUMIFS(Plan!$F:$F,Plan!$C:$C,'Sheet3 (2)'!G38) -> 0 | S38: =SUMIFS(Plan!$M:$M,Plan!$C:$C,'Sheet3 (2)'!G38) -> 2000 | T38: =SUM(L38:S38) -> 2000 | U38: =+K38+T38 -> 2000
B39: SEEG | C39: Waiting booking | D39: =IFERROR(VLOOKUP(G39,Infor!B:F,4,0),) -> 65" | E39: =IFERROR(VLOOKUP(G39,Infor!B:F,5,0),) -> L65S8N_HVD | F39: BN44-01433B | G39: 0137650517CA | H39: 800 | I39: =SUM(H39:H40) -> 1097 | J39: =K39-H39 -> 1046 | K39: =SUMIFS(Stock!$F:$F,Stock!$D:$D,'Sheet3 (2)'!G39) -> 1846 | N39: =SUMIFS(Plan!$G:$G,Plan!$C:$C,'Sheet3 (2)'!G39) -> 0 | O39: =SUMIFS(Plan!$H:$H,Plan!$C:$C,'Sheet3 (2)'!G39) -> 0 | P39: =SUMIFS(Plan!$I:$I,Plan!$C:$C,'Sheet3 (2)'!G39) -> 0 | Q39: =SUMIFS(Plan!$J:$J,Plan!$C:$C,'Sheet3 (2)'!G39) -> 0 | R39: =SUMIFS(Plan!$K:$K,Plan!$C:$C,'Sheet3 (2)'!G39) -> 0 | S39: =SUMIFS(Plan!$M:$M,Plan!$C:$C,'Sheet3 (2)'!G39) -> 0 | T39: =SUM(N39:S40) -> 0 | U39: =+K39+T39 -> 1846 | V39: =U39-I39 -> 749
B40: SIEL | C40: Waiting booking | D40: =IFERROR(VLOOKUP(G40,Infor!B:F,4,0),) -> 65" | G40: 0137650517CA | H40: 297 | J40: =J39-H40 -> 749 | L40: =SUMIFS(Plan!$E:$E,Plan!$C:$C,'Sheet3 (2)'!G40) -> 0 | M40: =SUMIFS(Plan!$F:$F,Plan!$C:$C,'Sheet3 (2)'!G40) -> 0 | S40: =SUMIFS(Plan!$M:$M,Plan!$C:$C,'Sheet3 (2)'!G40) -> 0 | V40: =U40-I40 -> 0
D41: =IFERROR(VLOOKUP(G41,Infor!B:F,4,0),) -> 0 | E41: =IFERROR(VLOOKUP(G41,Infor!B:F,5,0),) -> 0 | I41: =SUM(H41) -> 0 | J41: =U41-H41 -> 0 | K41: =SUMIFS(Stock!$F:$F,Stock!$D:$D,'Sheet3 (2)'!G41) -> 0 | L41: =SUMIFS(Plan!$E:$E,Plan!$C:$C,'Sheet3 (2)'!G41) -> 0 | M41: =SUMIFS(Plan!$F:$F,Plan!$C:$C,'Sheet3 (2)'!G41) -> 0 | N41: =SUMIFS(Plan!$G:$G,Plan!$C:$C,'Sheet3 (2)'!G41) -> 0 | O41: =SUMIFS(Plan!$H:$H,Plan!$C:$C,'Sheet3 (2)'!G41) -> 0 | P41: =SUMIFS(Plan!$I:$I,Plan!$C:$C,'Sheet3 (2)'!G41) -> 0 | Q41: =SUMIFS(Plan!$J:$J,Plan!$C:$C,'Sheet3 (2)'!G41) -> 0 | R41: =SUMIFS(Plan!$K:$K,Plan!$C:$C,'Sheet3 (2)'!G41) -> 0 | S41: =SUMIFS(Plan!$M:$M,Plan!$C:$C,'Sheet3 (2)'!G41) -> 0 | T41: =SUM(L41:S41) -> 0 | U41: =+K41+T41 -> 0 | V41: =U41-I41 -> 0
D42: =IFERROR(VLOOKUP(G42,Infor!B:F,4,0),) -> 0 | E42: =IFERROR(VLOOKUP(G42,Infor!B:F,5,0),) -> 0 | I42: =SUM(H42) -> 0 | J42: =U42-H42 -> 0 | K42: =SUMIFS(Stock!$F:$F,Stock!$D:$D,'Sheet3 (2)'!G42) -> 0 | L42: =SUMIFS(Plan!$E:$E,Plan!$C:$C,'Sheet3 (2)'!G42) -> 0 | M42: =SUMIFS(Plan!$F:$F,Plan!$C:$C,'Sheet3 (2)'!G42) -> 0 | N42: =SUMIFS(Plan!$G:$G,Plan!$C:$C,'Sheet3 (2)'!G42) -> 0 | O42: =SUMIFS(Plan!$H:$H,Plan!$C:$C,'Sheet3 (2)'!G42) -> 0 | P42: =SUMIFS(Plan!$I:$I,Plan!$C:$C,'Sheet3 (2)'!G42) -> 0 | Q42: =SUMIFS(Plan!$J:$J,Plan!$C:$C,'Sheet3 (2)'!G42) -> 0 | R42: =SUMIFS(Plan!$K:$K,Plan!$C:$C,'Sheet3 (2)'!G42) -> 0 | S42: =SUMIFS(Plan!$M:$M,Plan!$C:$C,'Sheet3 (2)'!G42) -> 0 | T42: =SUM(L42:S42) -> 0 | U42: =+K42+T42 -> 0 | V42: =U42-I42 -> 0
D43: =IFERROR(VLOOKUP(G43,Infor!B:F,4,0),) -> 0 | E43: =IFERROR(VLOOKUP(G43,Infor!B:F,5,0),) -> 0 | I43: =SUM(H43) -> 0 | J43: =U43-H43 -> 0 | K43: =SUMIFS(Stock!$F:$F,Stock!$D:$D,'Sheet3 (2)'!G43) -> 0 | M43: =SUMIFS(Plan!$F:$F,Plan!$C:$C,'Sheet3 (2)'!G43) -> 0 | N43: =SUMIFS(Plan!$G:$G,Plan!$C:$C,'Sheet3 (2)'!G43) -> 0 | O43: =SUMIFS(Plan!$H:$H,Plan!$C:$C,'Sheet3 (2)'!G43) -> 0 | P43: =SUMIFS(Plan!$I:$I,Plan!$C:$C,'Sheet3 (2)'!G43) -> 0 | Q43: =SUMIFS(Plan!$J:$J,Plan!$C:$C,'Sheet3 (2)'!G43) -> 0 | R43: =SUMIFS(Plan!$K:$K,Plan!$C:$C,'Sheet3 (2)'!G43) -> 0 | T43: =SUM(L43:S43) -> 0 | U43: =+K43+T43 -> 0 | V43: =U43-I43 -> 0
D44: =IFERROR(VLOOKUP(G44,Infor!B:F,4,0),) -> 0 | E44: =IFERROR(VLOOKUP(G44,Infor!B:F,5,0),) -> 0 | I44: =SUM(H44) -> 0 | J44: =U44-H44 -> 0 | K44: =SUMIFS(Stock!$F:$F,Stock!$D:$D,'Sheet3 (2)'!G44) -> 0 | L44: =SUMIFS(Plan!$E:$E,Plan!$C:$C,'Sheet3 (2)'!G44) -> 0 | M44: =SUMIFS(Plan!$F:$F,Plan!$C:$C,'Sheet3 (2)'!G44) -> 0 | N44: =SUMIFS(Plan!$G:$G,Plan!$C:$C,'Sheet3 (2)'!G44) -> 0 | O44: =SUMIFS(Plan!$H:$H,Plan!$C:$C,'Sheet3 (2)'!G44) -> 0 | P44: =SUMIFS(Plan!$I:$I,Plan!$C:$C,'Sheet3 (2)'!G44) -> 0 | Q44: =SUMIFS(Plan!$J:$J,Plan!$C:$C,'Sheet3 (2)'!G44) -> 0 | R44: =SUMIFS(Plan!$K:$K,Plan!$C:$C,'Sheet3 (2)'!G44) -> 0 | S44: =SUMIFS(Plan!$M:$M,Plan!$C:$C,'Sheet3 (2)'!G44) -> 0 | T44: =SUM(L44:S44) -> 0 | U44: =+K44+T44 -> 0 | V44: =U44-I44 -> 0
D45: =IFERROR(VLOOKUP(G45,Infor!B:F,4,0),) -> 0 | E45: =IFERROR(VLOOKUP(G45,Infor!B:F,5,0),) -> 0 | I45: =SUM(H45) -> 0 | J45: =U45-H45 -> 0 | K45: =SUMIFS(Stock!$F:$F,Stock!$D:$D,'Sheet3 (2)'!G45) -> 0 | L45: =SUMIFS(Plan!$E:$E,Plan!$C:$C,'Sheet3 (2)'!G45) -> 0 | M45: =SUMIFS(Plan!$F:$F,Plan!$C:$C,'Sheet3 (2)'!G45) -> 0 | N45: =SUMIFS(Plan!$G:$G,Plan!$C:$C,'Sheet3 (2)'!G45) -> 0 | O45: =SUMIFS(Plan!$H:$H,Plan!$C:$C,'Sheet3 (2)'!G45) -> 0 | P45: =SUMIFS(Plan!$I:$I,Plan!$C:$C,'Sheet3 (2)'!G45) -> 0 | Q45: =SUMIFS(Plan!$J:$J,Plan!$C:$C,'Sheet3 (2)'!G45) -> 0 | R45: =SUMIFS(Plan!$K:$K,Plan!$C:$C,'Sheet3 (2)'!G45) -> 0 | S45: =SUMIFS(Plan!$M:$M,Plan!$C:$C,'Sheet3 (2)'!G45) -> 0 | T45: =SUM(L45:S45) -> 0 | U45: =+K45+T45 -> 0 | V45: =U45-I45 -> 0
D46: =IFERROR(VLOOKUP(G46,Infor!B:F,4,0),) -> 0 | E46: =IFERROR(VLOOKUP(G46,Infor!B:F,5,0),) -> 0 | I46: =SUM(H46) -> 0 | J46: =U46-H46 -> 0 | K46: =SUMIFS(Stock!$F:$F,Stock!$D:$D,'Sheet3 (2)'!G46) -> 0 | M46: =SUMIFS(Plan!$F:$F,Plan!$C:$C,'Sheet3 (2)'!G46) -> 0 | N46: =SUMIFS(Plan!$G:$G,Plan!$C:$C,'Sheet3 (2)'!G46) -> 0 | O46: =SUMIFS(Plan!$H:$H,Plan!$C:$C,'Sheet3 (2)'!G46) -> 0 | P46: =SUMIFS(Plan!$I:$I,Plan!$C:$C,'Sheet3 (2)'!G46) -> 0 | Q46: =SUMIFS(Plan!$J:$J,Plan!$C:$C,'Sheet3 (2)'!G46) -> 0 | R46: =SUMIFS(Plan!$K:$K,Plan!$C:$C,'Sheet3 (2)'!G46) -> 0 | T46: =SUM(L46:S46) -> 0 | U46: =+K46+T46 -> 0 | V46: =U46-I46 -> 0
D47: =IFERROR(VLOOKUP(G47,Infor!B:F,4,0),) -> 0 | E47: =IFERROR(VLOOKUP(G47,Infor!B:F,5,0),) -> 0 | I47: =SUM(H47) -> 0 | J47: =U47-H47 -> 0 | K47: =SUMIFS(Stock!$F:$F,Stock!$D:$D,'Sheet3 (2)'!G47) -> 0 | L47: =SUMIFS(Plan!$E:$E,Plan!$C:$C,'Sheet3 (2)'!G47) -> 0 | M47: =SUMIFS(Plan!$F:$F,Plan!$C:$C,'Sheet3 (2)'!G47) -> 0 | N47: =SUMIFS(Plan!$G:$G,Plan!$C:$C,'Sheet3 (2)'!G47) -> 0 | O47: =SUMIFS(Plan!$H:$H,Plan!$C:$C,'Sheet3 (2)'!G47) -> 0 | P47: =SUMIFS(Plan!$I:$I,Plan!$C:$C,'Sheet3 (2)'!G47) -> 0 | Q47: =SUMIFS(Plan!$J:$J,Plan!$C:$C,'Sheet3 (2)'!G47) -> 0 | R47: =SUMIFS(Plan!$K:$K,Plan!$C:$C,'Sheet3 (2)'!G47) -> 0 | S47: =SUMIFS(Plan!$M:$M,Plan!$C:$C,'Sheet3 (2)'!G47) -> 0 | T47: =SUM(L47:S47) -> 0 | U47: =+K47+T47 -> 0 | V47: =U47-I47 -> 0
D48: =IFERROR(VLOOKUP(G48,Infor!B:F,4,0),) -> 0 | I48: =SUM(H48) -> 0 | J48: =U48-H48 -> 0 | K48: =SUMIFS(Stock!$F:$F,Stock!$D:$D,'Sheet3 (2)'!G48) -> 0 | L48: =SUMIFS(Plan!$E:$E,Plan!$C:$C,'Sheet3 (2)'!G48) -> 0 | M48: =SUMIFS(Plan!$F:$F,Plan!$C:$C,'Sheet3 (2)'!G48) -> 0 | N48: =SUMIFS(Plan!$G:$G,Plan!$C:$C,'Sheet3 (2)'!G48) -> 0 | O48: =SUMIFS(Plan!$H:$H,Plan!$C:$C,'Sheet3 (2)'!G48) -> 0 | P48: =SUMIFS(Plan!$I:$I,Plan!$C:$C,'Sheet3 (2)'!G48) -> 0 | Q48: =SUMIFS(Plan!$J:$J,Plan!$C:$C,'Sheet3 (2)'!G48) -> 0 | R48: =SUMIFS(Plan!$K:$K,Plan!$C:$C,'Sheet3 (2)'!G48) -> 0 | S48: =SUMIFS(Plan!$M:$M,Plan!$C:$C,'Sheet3 (2)'!G48) -> 0 | T48: =SUM(L48:S48) -> 0 | U48: =+K48+T48 -> 0 | V48: =+U48-I48 -> 0
D49: =IFERROR(VLOOKUP(G49,Infor!B:F,4,0),) -> 0 | I49: =SUM(H49) -> 0 | J49: =U49-H49 -> 0 | K49: =SUMIFS(Stock!$F:$F,Stock!$D:$D,'Sheet3 (2)'!G49) -> 0 | L49: =SUMIFS(Plan!$E:$E,Plan!$C:$C,'Sheet3 (2)'!G49) -> 0 | M49: =SUMIFS(Plan!$F:$F,Plan!$C:$C,'Sheet3 (2)'!G49) -> 0 | N49: =SUMIFS(Plan!$G:$G,Plan!$C:$C,'Sheet3 (2)'!G49) -> 0 | O49: =SUMIFS(Plan!$H:$H,Plan!$C:$C,'Sheet3 (2)'!G49) -> 0 | P49: =SUMIFS(Plan!$I:$I,Plan!$C:$C,'Sheet3 (2)'!G49) -> 0 | Q49: =SUMIFS(Plan!$J:$J,Plan!$C:$C,'Sheet3 (2)'!G49) -> 0 | R49: =SUMIFS(Plan!$K:$K,Plan!$C:$C,'Sheet3 (2)'!G49) -> 0 | S49: =SUMIFS(Plan!$M:$M,Plan!$C:$C,'Sheet3 (2)'!G49) -> 0 | T49: =SUM(L49:S49) -> 0 | U49: =+K49+T49 -> 0 | V49: =+U49-I49 -> 0
D50: =IFERROR(VLOOKUP(G50,Infor!B:F,4,0),) -> 0 | I50: =SUM(H50) -> 0 | J50: =U50-H50 -> 0 | K50: =SUMIFS(Stock!$F:$F,Stock!$D:$D,'Sheet3 (2)'!G50) -> 0 | M50: =SUMIFS(Plan!$F:$F,Plan!$C:$C,'Sheet3 (2)'!G50) -> 0 | N50: =SUMIFS(Plan!$G:$G,Plan!$C:$C,'Sheet3 (2)'!G50) -> 0 | O50: =SUMIFS(Plan!$H:$H,Plan!$C:$C,'Sheet3 (2)'!G50) -> 0 | P50: =SUMIFS(Plan!$I:$I,Plan!$C:$C,'Sheet3 (2)'!G50) -> 0 | Q50: =SUMIFS(Plan!$J:$J,Plan!$C:$C,'Sheet3 (2)'!G50) -> 0 | R50: =SUMIFS(Plan!$K:$K,Plan!$C:$C,'Sheet3 (2)'!G50) -> 0 | T50: =SUM(L50:S50) -> 0 | U50: =+K50+T50 -> 0 | V50: =+U50-I50 -> 0
D51: =IFERROR(VLOOKUP(G51,Infor!B:F,4,0),) -> 0 | I51: =SUM(H51) -> 0 | J51: =U51-H51 -> 0 | K51: =SUMIFS(Stock!$F:$F,Stock!$D:$D,'Sheet3 (2)'!G51) -> 0 | L51: =SUMIFS(Plan!$E:$E,Plan!$C:$C,'Sheet3 (2)'!G51) -> 0 | M51: =SUMIFS(Plan!$F:$F,Plan!$C:$C,'Sheet3 (2)'!G51) -> 0 | N51: =SUMIFS(Plan!$G:$G,Plan!$C:$C,'Sheet3 (2)'!G51) -> 0 | O51: =SUMIFS(Plan!$H:$H,Plan!$C:$C,'Sheet3 (2)'!G51) -> 0 | P51: =SUMIFS(Plan!$I:$I,Plan!$C:$C,'Sheet3 (2)'!G51) -> 0 | Q51: =SUMIFS(Plan!$J:$J,Plan!$C:$C,'Sheet3 (2)'!G51) -> 0 | R51: =SUMIFS(Plan!$K:$K,Plan!$C:$C,'Sheet3 (2)'!G51) -> 0 | S51: =SUMIFS(Plan!$M:$M,Plan!$C:$C,'Sheet3 (2)'!G51) -> 0 | T51: =SUM(L51:S51) -> 0 | U51: =+K51+T51 -> 0 | V51: =+U51-I51 -> 0
D52: =IFERROR(VLOOKUP(G52,Infor!B:F,4,0),) -> 0 | I52: =SUM(H52) -> 0 | J52: =U52-H52 -> 0 | K52: =SUMIFS(Stock!$F:$F,Stock!$D:$D,'Sheet3 (2)'!G52) -> 0 | L52: =SUMIFS(Plan!$E:$E,Plan!$C:$C,'Sheet3 (2)'!G52) -> 0 | M52: =SUMIFS(Plan!$F:$F,Plan!$C:$C,'Sheet3 (2)'!G52) -> 0 | N52: =SUMIFS(Plan!$G:$G,Plan!$C:$C,'Sheet3 (2)'!G52) -> 0 | O52: =SUMIFS(Plan!$H:$H,Plan!$C:$C,'Sheet3 (2)'!G52) -> 0 | P52: =SUMIFS(Plan!$I:$I,Plan!$C:$C,'Sheet3 (2)'!G52) -> 0 | Q52: =SUMIFS(Plan!$J:$J,Plan!$C:$C,'Sheet3 (2)'!G52) -> 0 | R52: =SUMIFS(Plan!$K:$K,Plan!$C:$C,'Sheet3 (2)'!G52) -> 0 | S52: =SUMIFS(Plan!$M:$M,Plan!$C:$C,'Sheet3 (2)'!G52) -> 0 | T52: =SUM(L52:S52) -> 0 | U52: =+K52+T52 -> 0 | V52: =+U52-I52 -> 0
D53: =IFERROR(VLOOKUP(G53,Infor!B:F,4,0),) -> 0 | I53: =SUM(H53) -> 0 | J53: =U53-H53 -> 0 | K53: =SUMIFS(Stock!$F:$F,Stock!$D:$D,'Sheet3 (2)'!G53) -> 0 | M53: =SUMIFS(Plan!$F:$F,Plan!$C:$C,'Sheet3 (2)'!G53) -> 0 | N53: =SUMIFS(Plan!$G:$G,Plan!$C:$C,'Sheet3 (2)'!G53) -> 0 | O53: =SUMIFS(Plan!$H:$H,Plan!$C:$C,'Sheet3 (2)'!G53) -> 0 | P53: =SUMIFS(Plan!$I:$I,Plan!$C:$C,'Sheet3 (2)'!G53) -> 0 | Q53: =SUMIFS(Plan!$J:$J,Plan!$C:$C,'Sheet3 (2)'!G53) -> 0 | R53: =SUMIFS(Plan!$K:$K,Plan!$C:$C,'Sheet3 (2)'!G53) -> 0 | T53: =SUM(L53:S53) -> 0 | U53: =+K53+T53 -> 0 | V53: =+U53-I53 -> 0
D54: =IFERROR(VLOOKUP(G54,Infor!B:F,4,0),) -> 0 | I54: =SUM(H54) -> 0 | J54: =U54-H54 -> 0 | K54: =SUMIFS(Stock!$F:$F,Stock!$D:$D,'Sheet3 (2)'!G54) -> 0 | L54: =SUMIFS(Plan!$E:$E,Plan!$C:$C,'Sheet3 (2)'!G54) -> 0 | M54: =SUMIFS(Plan!$F:$F,Plan!$C:$C,'Sheet3 (2)'!G54) -> 0 | N54: =SUMIFS(Plan!$G:$G,Plan!$C:$C,'Sheet3 (2)'!G54) -> 0 | O54: =SUMIFS(Plan!$H:$H,Plan!$C:$C,'Sheet3 (2)'!G54) -> 0 | P54: =SUMIFS(Plan!$I:$I,Plan!$C:$C,'Sheet3 (2)'!G54) -> 0 | Q54: =SUMIFS(Plan!$J:$J,Plan!$C:$C,'Sheet3 (2)'!G54) -> 0 | R54: =SUMIFS(Plan!$K:$K,Plan!$C:$C,'Sheet3 (2)'!G54) -> 0 | S54: =SUMIFS(Plan!$M:$M,Plan!$C:$C,'Sheet3 (2)'!G54) -> 0 | T54: =SUM(L54:S54) -> 0 | U54: =+K54+T54 -> 0 | V54: =+U54-I54 -> 0
D55: =IFERROR(VLOOKUP(G55,Infor!B:F,4,0),) -> 0 | I55: =SUM(H55) -> 0 | J55: =U55-H55 -> 0 | K55: =SUMIFS(Stock!$F:$F,Stock!$D:$D,'Sheet3 (2)'!G55) -> 0 | L55: =SUMIFS(Plan!$E:$E,Plan!$C:$C,'Sheet3 (2)'!G55) -> 0 | M55: =SUMIFS(Plan!$F:$F,Plan!$C:$C,'Sheet3 (2)'!G55) -> 0 | N55: =SUMIFS(Plan!$G:$G,Plan!$C:$C,'Sheet3 (2)'!G55) -> 0 | O55: =SUMIFS(Plan!$H:$H,Plan!$C:$C,'Sheet3 (2)'!G55) -> 0 | P55: =SUMIFS(Plan!$I:$I,Plan!$C:$C,'Sheet3 (2)'!G55) -> 0 | Q55: =SUMIFS(Plan!$J:$J,Plan!$C:$C,'Sheet3 (2)'!G55) -> 0 | R55: =SUMIFS(Plan!$K:$K,Plan!$C:$C,'Sheet3 (2)'!G55) -> 0 | S55: =SUMIFS(Plan!$M:$M,Plan!$C:$C,'Sheet3 (2)'!G55) -> 0 | T55: =SUM(L55:S55) -> 0 | U55: =+K55+T55 -> 0 | V55: =+U55-I55 -> 0
D56: =IFERROR(VLOOKUP(G56,Infor!B:F,4,0),) -> 0 | I56: =SUM(H56) -> 0 | J56: =U56-H56 -> 0 | K56: =SUMIFS(Stock!$F:$F,Stock!$D:$D,'Sheet3 (2)'!G56) -> 0 | M56: =SUMIFS(Plan!$F:$F,Plan!$C:$C,'Sheet3 (2)'!G56) -> 0 | N56: =SUMIFS(Plan!$G:$G,Plan!$C:$C,'Sheet3 (2)'!G56) -> 0 | O56: =SUMIFS(Plan!$H:$H,Plan!$C:$C,'Sheet3 (2)'!G56) -> 0 | P56: =SUMIFS(Plan!$I:$I,Plan!$C:$C,'Sheet3 (2)'!G56) -> 0 | Q56: =SUMIFS(Plan!$J:$J,Plan!$C:$C,'Sheet3 (2)'!G56) -> 0 | R56: =SUMIFS(Plan!$K:$K,Plan!$C:$C,'Sheet3 (2)'!G56) -> 0 | T56: =SUM(L56:S56) -> 0 | U56: =+K56+T56 -> 0 | V56: =+U56-I56 -> 0

Sheet Shipment 
I1: =SUM(I4:I56) -> 181987 | J1: =SUM(J4:J31) -> 50919 | L1: =SUM(L4:L50) -> 164094 | M1: =SUM(M4:M28) -> 0 | N1: =SUM(N4:N28) -> 0 | O1: =SUM(O4:O41) -> 0 | P1: =SUM(P4:P41) -> 0 | Q1: =SUM(Q4:Q41) -> 0 | R1: =SUM(R4:R41) -> 14616 | S1: =SUM(S4:S41) -> 9870 | T1: =SUM(T4:T28) -> 19600 | U1: =SUM(U4:U41) -> 49006 | V1: =SUM(V4:V50) -> 238373 | W1: =SUM(W4:W41) -> 34300
B2: Cus | C2: Cut off Cargo | D2: HQ Request | E2: Inch | F2: Model | G2: BNCode | H2: 3in1Code(FG) | I2: PO Remain | J2: TTL Ship | K2: GAP | L2: ="O/stock"&DAY(TODAY())&"/"&MONTH(TODAY()) -> O/stock15/6 | M2: Plan | U2: TTL Plan | V2: TTLstock | W2: BALANCE
M3: 46181 | N3: =+M3+1 -> 46182 | O3: =+N3+1 -> 46183 | P3: =+O3+1 -> 46184 | Q3: =+P3+1 -> 46185 | R3: =+Q3+1 -> 46186 | S3: =+R3+1 -> 46187
E4: =IFERROR(VLOOKUP(H4,Infor!B:F,4,0),) -> 75" | F4: =IFERROR(VLOOKUP(H4,Infor!B:F,5,0),) -> L75S7N_HVD | G4: BN44-01422C | H4: 0137750276CA | K4: =L4-I4 -> 3450 | L4: =SUMIFS(Stock!$F:$F,Stock!$D:$D,'Shipment '!H4) -> 3450 | M4: =SUMIFS(Plan!$E:$E,Plan!$C:$C,'Shipment '!H4) -> 0 | N4: =SUMIFS(Plan!$F:$F,Plan!$C:$C,'Shipment '!H4) -> 0 | Q4: =SUMIFS(Plan!$I:$I,Plan!$C:$C,'Shipment '!H4) -> 0 | R4: =SUMIFS(Plan!$J:$J,Plan!$C:$C,'Shipment '!H4) -> 0 | S4: =SUMIFS(Plan!$K:$K,Plan!$C:$C,'Shipment '!H4) -> 0 | T4: =SUMIFS(Plan!$M:$M,Plan!$C:$C,'Shipment '!H4) -> 2300 | U4: =SUM(M4:T4) -> 2300 | V4: =+L4+U4 -> 5750 | W4: =V4-J4 -> 5750
B5: SEEG | C5: Waiting booking | E5: =IFERROR(VLOOKUP(H5,Infor!B:F,4,0),) -> 75" | F5: =IFERROR(VLOOKUP(H5,Infor!B:F,5,0),) -> L75S7N_HVD | H5: 0137750276CA | I5: 1584 | J5: 1584 | K5: =K4-I5 -> 1866 | M5: =SUMIFS(Plan!$E:$E,Plan!$C:$C,'Shipment '!H5) -> 0 | N5: =SUMIFS(Plan!$F:$F,Plan!$C:$C,'Shipment '!H5) -> 0 | O5: =SUMIFS(Plan!$G:$G,Plan!$C:$C,'Shipment '!H5) -> 0 | P5: =SUMIFS(Plan!$H:$H,Plan!$C:$C,'Shipment '!H5) -> 0 | Q5: =SUMIFS(Plan!$I:$I,Plan!$C:$C,'Shipment '!H5) -> 0
E6: =IFERROR(VLOOKUP(H6,Infor!B:F,4,0),) -> 65" | F6: =IFERROR(VLOOKUP(H6,Infor!B:F,5,0),) -> L65FE8N_HHS | H6: 0137650521CA | K6: =(L6+Q6)-I6 -> 1606 | L6: =SUMIFS(Stock!$F:$F,Stock!$D:$D,'Shipment '!H6) -> 1606 | N6: =SUMIFS(Plan!$F:$F,Plan!$C:$C,'Shipment '!H6) -> 0 | O6: =SUMIFS(Plan!$G:$G,Plan!$C:$C,'Shipment '!H6) -> 0 | P6: =SUMIFS(Plan!$H:$H,Plan!$C:$C,'Shipment '!H6) -> 0 | Q6: =SUMIFS(Plan!$I:$I,Plan!$C:$C,'Shipment '!H6) -> 0 | R6: =SUMIFS(Plan!$J:$J,Plan!$C:$C,'Shipment '!H6) -> 1340 | S6: =SUMIFS(Plan!$K:$K,Plan!$C:$C,'Shipment '!H6) -> 0 | U6: =SUM(M6:T6) -> 1340 | V6: =+L6+U6 -> 2946 | W6: =V6-J6 -> 2946
B7: SIEL | C7: 46189.417 | E7: =IFERROR(VLOOKUP(H7,Infor!B:F,4,0),) -> 65" | F7: =IFERROR(VLOOKUP(H7,Infor!B:F,5,0),) -> L65FE8N_HHS | H7: 0137650521CA | I7: 36 | K7: =(K6+R6)-I7 -> 2910 | Q7: =SUMIFS(Plan!$I:$I,Plan!$C:$C,'Shipment '!H7) -> 0 | T7: =SUMIFS(Plan!$M:$M,Plan!$C:$C,'Shipment '!H7) -> 300
B8: SEEG | C8: Waiting booking | E8: =IFERROR(VLOOKUP(H8,Infor!B:F,4,0),) -> 65" | F8: =IFERROR(VLOOKUP(H8,Infor!B:F,5,0),) -> L65FE8N_HHS | G8: BN44-01441A | H8: 0137650521CA | I8: 34 | J8: =SUM(I6:I8) -> 70 | K8: =K7-I8 -> 2876 | Q8: =SUMIFS(Plan!$I:$I,Plan!$C:$C,'Shipment '!H8) -> 0 | T8: =SUMIFS(Plan!$M:$M,Plan!$C:$C,'Shipment '!H8) -> 300
E9: =IFERROR(VLOOKUP(H9,Infor!B:F,4,0),) -> 65" | F9: =IFERROR(VLOOKUP(H9,Infor!B:F,5,0),) -> L65S8N_HVD | H9: 0137650517CA | K9: =L9-I9 -> 1846 | L9: =SUMIFS(Stock!$F:$F,Stock!$D:$D,'Shipment '!H9) -> 1846 | M9: =SUMIFS(Plan!$E:$E,Plan!$C:$C,'Shipment '!H9) -> 0 | N9: =SUMIFS(Plan!$F:$F,Plan!$C:$C,'Shipment '!H9) -> 0 | O9: =SUMIFS(Plan!$G:$G,Plan!$C:$C,'Shipment '!H9) -> 0 | P9: =SUMIFS(Plan!$H:$H,Plan!$C:$C,'Shipment '!H9) -> 0 | Q9: =SUMIFS(Plan!$I:$I,Plan!$C:$C,'Shipment '!H9) -> 0 | R9: =SUMIFS(Plan!$J:$J,Plan!$C:$C,'Shipment '!H9) -> 0 | S9: =SUMIFS(Plan!$K:$K,Plan!$C:$C,'Shipment '!H9) -> 0 | T9: =SUMIFS(Plan!$M:$M,Plan!$C:$C,'Shipment '!H9) -> 0 | U9: =SUM(M9:T9) -> 0 | V9: =+L9+U9 -> 1846 | W9: =V9-J9 -> 1846
B10: SIEL | C10: 46189.417 | E10: =IFERROR(VLOOKUP(H10,Infor!B:F,4,0),) -> 65" | F10: =IFERROR(VLOOKUP(H10,Infor!B:F,5,0),) -> L65S8N_HVD | H10: 0137650517CA | I10: 297 | K10: =K9-I10 -> 1549 | M10: =SUMIFS(Plan!$E:$E,Plan!$C:$C,'Shipment '!H10) -> 0 | N10: =SUMIFS(Plan!$F:$F,Plan!$C:$C,'Shipment '!H10) -> 0 | Q10: =SUMIFS(Plan!$I:$I,Plan!$C:$C,'Shipment '!H10) -> 0 | T10: =SUMIFS(Plan!$M:$M,Plan!$C:$C,'Shipment '!H10) -> 0
B11: SEEG | C11: Waiting booking | E11: =IFERROR(VLOOKUP(H11,Infor!B:F,4,0),) -> 65" | F11: =IFERROR(VLOOKUP(H11,Infor!B:F,5,0),) -> L65S8N_HVD | G11: BN44-01433B | H11: 0137650517CA | I11: 2989 | J11: 3286 | K11: =K10-I11 -> -1440 | M11: =SUMIFS(Plan!$E:$E,Plan!$C:$C,'Shipment '!H11) -> 0 | N11: =SUMIFS(Plan!$F:$F,Plan!$C:$C,'Shipment '!H11) -> 0 | Q11: =SUMIFS(Plan!$I:$I,Plan!$C:$C,'Shipment '!H11) -> 0 | T11: =SUMIFS(Plan!$M:$M,Plan!$C:$C,'Shipment '!H11) -> 0
E12: =IFERROR(VLOOKUP(H12,Infor!B:F,4,0),) -> 65" | F12: =IFERROR(VLOOKUP(H12,Infor!B:F,5,0),) -> L65CA9N_HVD | H12: 0137650478CA | K12: =(L12+Q12)-I12 -> 6788 | L12: =SUMIFS(Stock!$F:$F,Stock!$D:$D,'Shipment '!H12) -> 6788 | M12: =SUMIFS(Plan!$E:$E,Plan!$C:$C,'Shipment '!H12) -> 0 | N12: =SUMIFS(Plan!$F:$F,Plan!$C:$C,'Shipment '!H12) -> 0 | O12: =SUMIFS(Plan!$G:$G,Plan!$C:$C,'Shipment '!H12) -> 0 | P12: =SUMIFS(Plan!$H:$H,Plan!$C:$C,'Shipment '!H12) -> 0 | Q12: =SUMIFS(Plan!$I:$I,Plan!$C:$C,'Shipment '!H12) -> 0 | R12: =SUMIFS(Plan!$J:$J,Plan!$C:$C,'Shipment '!H12) -> 2680 | S12: =SUMIFS(Plan!$K:$K,Plan!$C:$C,'Shipment '!H12) -> 2074 | T12: =SUMIFS(Plan!$M:$M,Plan!$C:$C,'Shipment '!H12) -> 2700 | U12: =SUM(M12:T12) -> 7454 | V12: =+L12+U12 -> 14242 | W12: =V12-J12 -> 14242
B13: SAMEX | C13: 46191.999 | E13: =IFERROR(VLOOKUP(H13,Infor!B:F,4,0),) -> 65" | F13: =IFERROR(VLOOKUP(H13,Infor!B:F,5,0),) -> L65CA9N_HVD | H13: 0137650478CA | I13: 5000 | K13: =(K12+R12+S12)-I13 -> 6542 | O13: =SUMIFS(Plan!$G:$G,Plan!$C:$C,'Shipment '!H13) -> 0 | P13: =SUMIFS(Plan!$H:$H,Plan!$C:$C,'Shipment '!H13) -> 0 | Q13: =SUMIFS(Plan!$I:$I,Plan!$C:$C,'Shipment '!H13) -> 0
B14: SEH (PD) | C14: Waiting booking | D14: 46191 | E14: =IFERROR(VLOOKUP(H14,Infor!B:F,4,0),) -> 65" | F14: =IFERROR(VLOOKUP(H14,Infor!B:F,5,0),) -> L65CA9N_HVD | H14: 0137650478CA | I14: 908 | K14: =K13-I14 -> 5634 | N14: =SUMIFS(Plan!$F:$F,Plan!$C:$C,'Shipment '!H14) -> 0 | O14: =SUMIFS(Plan!$G:$G,Plan!$C:$C,'Shipment '!H14) -> 0 | P14: =SUMIFS(Plan!$H:$H,Plan!$C:$C,'Shipment '!H25) -> 0 | Q14: =SUMIFS(Plan!$I:$I,Plan!$C:$C,'Shipment '!H14) -> 0
B15: SEEG | C15: Waiting booking | E15: =IFERROR(VLOOKUP(H15,Infor!B:F,4,0),) -> 65" | F15: =IFERROR(VLOOKUP(H15,Infor!B:F,5,0),) -> L65CA9N_HVD | G15: BN44-01396A | H15: 0137650478CA | I15: 34 | J15: =SUM(I12:I15) -> 5942 | K15: =K14-I15 -> 5600 | N15: =SUMIFS(Plan!$F:$F,Plan!$C:$C,'Shipment '!H15) -> 0 | O15: =SUMIFS(Plan!$G:$G,Plan!$C:$C,'Shipment '!H15) -> 0 | P15: =SUMIFS(Plan!$H:$H,Plan!$C:$C,'Shipment '!H15) -> 0 | Q15: =SUMIFS(Plan!$I:$I,Plan!$C:$C,'Shipment '!H15) -> 0
E16: =IFERROR(VLOOKUP(H16,Infor!B:F,4,0),) -> 65" | F16: =IFERROR(VLOOKUP(H16,Infor!B:F,5,0),) -> L65E70A_HVD | G16: BN44-01427A | H16: 0137650511CA | J16: =SUM(I16) -> 0 | K16: =(L16+Q16)-I16 -> 14423 | L16: =SUMIFS(Stock!$F:$F,Stock!$D:$D,'Shipment '!H16) -> 14423 | Q16: =SUMIFS(Plan!$I:$I,Plan!$C:$C,'Shipment '!H16) -> 0 | R16: =SUMIFS(Plan!$J:$J,Plan!$C:$C,'Shipment '!H16) -> 1462 | S16: =SUMIFS(Plan!$K:$K,Plan!$C:$C,'Shipment '!H16) -> 0 | T16: =SUMIFS(Plan!$M:$M,Plan!$C:$C,'Shipment '!H16) -> 3900 | U16: =SUM(M16:T16) -> 5362 | V16: =+L16+U16 -> 19785 | W16: =V16-J16 -> 19785
B17: SIEL | C17: 46189.417 | E17: =IFERROR(VLOOKUP(H17,Infor!B:F,4,0),) -> 85" | F17: =IFERROR(VLOOKUP(H17,Infor!B:F,5,0),) -> L85E70NA_HVD | H17: 0137850179CA | I17: 51 | K17: =L17-I17 -> 3379 | L17: =SUMIFS(Stock!$F:$F,Stock!$D:$D,'Shipment '!H17) -> 3430 | M17: =SUMIFS(Plan!$E:$E,Plan!$C:$C,'Shipment '!H17) -> 0 | N17: =SUMIFS(Plan!$F:$F,Plan!$C:$C,'Shipment '!H17) -> 0 | O17: =SUMIFS(Plan!$G:$G,Plan!$C:$C,'Shipment '!H17) -> 0 | P17: =SUMIFS(Plan!$H:$H,Plan!$C:$C,'Shipment '!H17) -> 0 | Q17: =SUMIFS(Plan!$I:$I,Plan!$C:$C,'Shipment '!H17) -> 0 | R17: =SUMIFS(Plan!$J:$J,Plan!$C:$C,'Shipment '!H17) -> 0 | S17: =SUMIFS(Plan!$K:$K,Plan!$C:$C,'Shipment '!H17) -> 0 | T17: =SUMIFS(Plan!$M:$M,Plan!$C:$C,'Shipment '!H17) -> 2000 | U17: =SUM(M17:T17) -> 2000 | V17: =L17+U17 -> 5430 | W17: =V17-J17 -> 5430
B18: SAMEX | C18: 46191.999 | E18: =IFERROR(VLOOKUP(H18,Infor!B:F,4,0),) -> 85" | F18: =IFERROR(VLOOKUP(H18,Infor!B:F,5,0),) -> L85E70NA_HVD | H18: 0137850179CA | I18: 963 | K18: =K17-I18 -> 2416 | M18: =SUMIFS(Plan!$E:$E,Plan!$C:$C,'Shipment '!H18) -> 0 | N18: =SUMIFS(Plan!$F:$F,Plan!$C:$C,'Shipment '!H18) -> 0 | Q18: =SUMIFS(Plan!$I:$I,Plan!$C:$C,'Shipment '!H18) -> 0 | T18: =SUMIFS(Plan!$M:$M,Plan!$C:$C,'Shipment '!H18) -> 2000
B19: SEH (PD) | C19: Waiting booking | D19: 46191 | E19: =IFERROR(VLOOKUP(H19,Infor!B:F,4,0),) -> 85" | F19: =IFERROR(VLOOKUP(H19,Infor!B:F,5,0),) -> L85E70NA_HVD | H19: 0137850179CA | I19: 194 | K19: =K18-I19 -> 2222 | M19: =SUMIFS(Plan!$E:$E,Plan!$C:$C,'Shipment '!H19) -> 0 | N19: =SUMIFS(Plan!$F:$F,Plan!$C:$C,'Shipment '!H13) -> 0 | Q19: =SUMIFS(Plan!$I:$I,Plan!$C:$C,'Shipment '!H19) -> 0 | T19: =SUMIFS(Plan!$M:$M,Plan!$C:$C,'Shipment '!H19) -> 2000
B20: SEEG | C20: Waiting booking | E20: =IFERROR(VLOOKUP(H20,Infor!B:F,4,0),) -> 85" | F20: =IFERROR(VLOOKUP(H20,Infor!B:F,5,0),) -> L85E70NA_HVD | G20: BN44-01429A | H20: 0137850179CA | I20: 510 | J20: =SUM(I17:I20) -> 1718 | K20: =K19-I20 -> 1712 | N20: =SUMIFS(Plan!$F:$F,Plan!$C:$C,'Shipment '!#REF!) -> 0 | Q20: =SUMIFS(Plan!$I:$I,Plan!$C:$C,'Shipment '!H20) -> 0 | T20: =SUMIFS(Plan!$M:$M,Plan!$C:$C,'Shipment '!H20) -> 2000
B21: SIEL | C21: 46189.417 | E21: =IFERROR(VLOOKUP(H21,Infor!B:F,4,0),) -> 55" | F21: =IFERROR(VLOOKUP(H21,Infor!B:F,5,0),) -> L55E70NA_HVD | G21: BN44-01426B | H21: 0137556107CA | I21: 1500 | J21: =SUM(I21) -> 1500 | K21: =(L21+Q21)-I21 -> 39 | L21: =SUMIFS(Stock!$F:$F,Stock!$D:$D,'Shipment '!H21) -> 1539 | M21: =SUMIFS(Plan!$E:$E,Plan!$C:$C,'Shipment '!H21) -> 0 | N21: =SUMIFS(Plan!$F:$F,Plan!$C:$C,'Shipment '!H21) -> 0 | O21: =SUMIFS(Plan!$G:$G,Plan!$C:$C,'Shipment '!H21) -> 0 | P21: =SUMIFS(Plan!$H:$H,Plan!$C:$C,'Shipment '!H21) -> 0 | Q21: =SUMIFS(Plan!$I:$I,Plan!$C:$C,'Shipment '!H21) -> 0 | R21: =SUMIFS(Plan!$J:$J,Plan!$C:$C,'Shipment '!H21) -> 0 | S21: =SUMIFS(Plan!$K:$K,Plan!$C:$C,'Shipment '!H21) -> 0 | T21: =SUMIFS(Plan!$M:$M,Plan!$C:$C,'Shipment '!H21) -> 0 | U21: =SUM(M21:T21) -> 0 | V21: =+L21+U21 -> 1539 | W21: =V21-J21 -> 39
B22: SAMEX | C22: 46191.999 | E22: =IFERROR(VLOOKUP(H22,Infor!B:F,4,0),) -> 65" | F22: =IFERROR(VLOOKUP(H22,Infor!B:F,5,0),) -> L65S7A_HVD | G22: BN44-01421B | H22: 0137650505CA | I22: 20469 | J22: =SUM(I22) -> 20469 | K22: =(L22+Q22+R22+S22)-I22 -> 4961 | L22: =SUMIFS(Stock!$F:$F,Stock!$D:$D,'Shipment '!H22) -> 11448 | M22: =SUMIFS(Plan!$E:$E,Plan!$C:$C,'Shipment '!H22) -> 0 | N22: =SUMIFS(Plan!$F:$F,Plan!$C:$C,'Shipment '!H22) -> 0 | O22: =SUMIFS(Plan!$G:$G,Plan!$C:$C,'Shipment '!H22) -> 0 | P22: =SUMIFS(Plan!$H:$H,Plan!$C:$C,'Shipment '!H22) -> 0 | Q22: =SUMIFS(Plan!$I:$I,Plan!$C:$C,'Shipment '!H22) -> 0 | R22: =SUMIFS(Plan!$J:$J,Plan!$C:$C,'Shipment '!H22) -> 7360 | S22: =SUMIFS(Plan!$K:$K,Plan!$C:$C,'Shipment '!H22) -> 6622 | T22: =SUMIFS(Plan!$M:$M,Plan!$C:$C,'Shipment '!H22) -> 0 | U22: =SUM(M22:T22) -> 13982 | V22: =+L22+U22 -> 25430 | W22: =V22-J22 -> 4961
B23: SAMEX | C23: 46191.999 | E23: =IFERROR(VLOOKUP(H23,Infor!B:F,4,0),) -> 55" | F23: =IFERROR(VLOOKUP(H23,Infor!B:F,5,0),) -> L55E70A_HVD | H23: 0137556092CA | I23: 3600 | K23: =L23-I23 -> 4007 | L23: =SUMIFS(Stock!$F:$F,Stock!$D:$D,'Shipment '!H23) -> 7607 | O23: =SUMIFS(Plan!$G:$G,Plan!$C:$C,'Shipment '!H23) -> 0 | P23: =SUMIFS(Plan!$H:$H,Plan!$C:$C,'Shipment '!H23) -> 0 | Q23: =SUMIFS(Plan!$I:$I,Plan!$C:$C,'Shipment '!H23) -> 0 | R23: =SUMIFS(Plan!$J:$J,Plan!$C:$C,'Shipment '!H23) -> 0 | S23: =SUMIFS(Plan!$K:$K,Plan!$C:$C,'Shipment '!H23) -> 0 | U23: =SUM(M23:T23) -> 0 | V23: =+L23+U23 -> 7607 | W23: =V23-J23 -> 7607
B24: SAMEX | C24: 46191.999 | E24: =IFERROR(VLOOKUP(H24,Infor!B:F,4,0),) -> 55" | F24: =IFERROR(VLOOKUP(H24,Infor!B:F,5,0),) -> L55E70A_HVD | H24: 0137556092CA | I24: 1400 | K24: =K23-I24 -> 2607 | O24: =SUMIFS(Plan!$G:$G,Plan!$C:$C,'Shipment '!H18) -> 0 | P24: =SUMIFS(Plan!$H:$H,Plan!$C:$C,'Shipment '!H18) -> 0 | Q24: =SUMIFS(Plan!$I:$I,Plan!$C:$C,'Shipment '!H24) -> 0
B25: SEH (PD) | C25: Waiting booking | D25: 46191 | E25: =IFERROR(VLOOKUP(H25,Infor!B:F,4,0),) -> 55" | F25: =IFERROR(VLOOKUP(H25,Infor!B:F,5,0),) -> L55E70A_HVD | H25: 0137556092CA | I25: 336 | K25: =K24-I25 -> 2271 | Q25: =SUMIFS(Plan!$I:$I,Plan!$C:$C,'Shipment '!H25) -> 0 | T25: =SUMIFS(Plan!$M:$M,Plan!$C:$C,'Shipment '!H25) -> 0
B26: SEEG | C26: Waiting booking | E26: =IFERROR(VLOOKUP(H26,Infor!B:F,4,0),) -> 55" | F26: =IFERROR(VLOOKUP(H26,Infor!B:F,5,0),) -> L55E70A_HVD | G26: BN44-01426A | H26: 0137556092CA | I26: 708 | J26: =SUM(I23:I26) -> 6044 | K26: =K25-I26 -> 1563 | M26: =SUMIFS(Plan!$E:$E,Plan!$C:$C,'Shipment '!H26) -> 0 | N26: =SUMIFS(Plan!$F:$F,Plan!$C:$C,'Shipment '!H26) -> 0 | O26: =SUMIFS(Plan!$G:$G,Plan!$C:$C,'Shipment '!#REF!) -> 0 | P26: =SUMIFS(Plan!$H:$H,Plan!$C:$C,'Shipment '!H20) -> 0 | Q26: =SUMIFS(Plan!$I:$I,Plan!$C:$C,'Shipment '!H26) -> 0 | T26: =SUMIFS(Plan!$M:$M,Plan!$C:$C,'Shipment '!H26) -> 0
B27: SAMEX | C27: 46191.999 | E27: =IFERROR(VLOOKUP(H27,Infor!B:F,4,0),) -> 55" | F27: =IFERROR(VLOOKUP(H27,Infor!B:F,5,0),) -> L55CA9N_HVD | G27: BN44-01395A | H27: 0137556089CA | I27: 4870 | J27: =SUM(I27) -> 4870 | K27: =(L27+Q27+R27+S27)-I27 -> -1620 | L27: =SUMIFS(Stock!$F:$F,Stock!$D:$D,'Shipment '!H27) -> 2076 | O27: =SUMIFS(Plan!$G:$G,Plan!$C:$C,'Shipment '!H27) -> 0 | P27: =SUMIFS(Plan!$H:$H,Plan!$C:$C,'Shipment '!H27) -> 0 | Q27: =SUMIFS(Plan!$I:$I,Plan!$C:$C,'Shipment '!H27) -> 0 | R27: =SUMIFS(Plan!$J:$J,Plan!$C:$C,'Shipment '!H27) -> 0 | S27: =SUMIFS(Plan!$K:$K,Plan!$C:$C,'Shipment '!H27) -> 1174 | T27: =SUMIFS(Plan!$M:$M,Plan!$C:$C,'Shipment '!H27) -> 0 | U27: =SUM(M27:T27) -> 1174 | V27: =+L27+U27 -> 3250 | W27: =V27-J27 -> -1620
B28: SAMEX | C28: 46191.999 | E28: =IFERROR(VLOOKUP(H28,Infor!B:F,4,0),) -> 75" | F28: =IFERROR(VLOOKUP(H28,Infor!B:F,5,0),) -> L75S7A_HVD | G28: BN44-01422B | H28: 0137750275CA | I28: 2496 | J28: =I28 -> 2496 | K28: =L28-I28 -> -2468 | L28: =SUMIFS(Stock!$F:$F,Stock!$D:$D,'Shipment '!H28) -> 28 | M28: =SUMIFS(Plan!$E:$E,Plan!$C:$C,'Shipment '!H28) -> 0 | N28: =SUMIFS(Plan!$F:$F,Plan!$C:$C,'Shipment '!H28) -> 0 | Q28: =SUMIFS(Plan!$I:$I,Plan!$C:$C,'Shipment '!H28) -> 0 | R28: =SUMIFS(Plan!$J:$J,Plan!$C:$C,'Shipment '!H28) -> 0 | S28: =SUMIFS(Plan!$K:$K,Plan!$C:$C,'Shipment '!H28) -> 0 | T28: =SUMIFS(Plan!$M:$M,Plan!$C:$C,'Shipment '!H28) -> 2100 | U28: =SUM(M28:T28) -> 2100 | V28: =+L28+U28 -> 2128 | W28: =V28-J28 -> -368
B29: SEH (PD) | C29: Waiting booking | D29: 46191 | E29: =IFERROR(VLOOKUP(H29,Infor!B:F,4,0),) -> 48" | F29: =IFERROR(VLOOKUP(H29,Infor!B:F,5,0),) -> L48CA9N_HVD | H29: 0137480160CA | I29: 2000 | K29: =(L29+Q29+R29+S29)-I29 -> 7590 | L29: =SUMIFS(Stock!$F:$F,Stock!$D:$D,'Shipment '!H29) -> 9434 | M29: =SUMIFS(Plan!$E:$E,Plan!$C:$C,'Shipment '!H29) -> 0 | N29: =SUMIFS(Plan!$F:$F,Plan!$C:$C,'Shipment '!H29) -> 0 | Q29: =SUMIFS(Plan!$I:$I,Plan!$C:$C,'Shipment '!H29) -> 0 | R29: =SUMIFS(Plan!$J:$J,Plan!$C:$C,'Shipment '!H29) -> 156 | S29: =SUMIFS(Plan!$K:$K,Plan!$C:$C,'Shipment '!H29) -> 0 | T29: =SUMIFS(Plan!$M:$M,Plan!$C:$C,'Shipment '!H29) -> 0 | U29: =SUM(M29:T29) -> 156 | V29: =+L29+U29 -> 9590 | W29: =V29-J29 -> 9590
B30: SEEG | C30: Waiting booking | E30: =IFERROR(VLOOKUP(H30,Infor!B:F,4,0),) -> 48" | F30: =IFERROR(VLOOKUP(H30,Infor!B:F,5,0),) -> L48CA9N_HVD | G30: BN44-01394A | H30: 0137480160CA | I30: 40 | J30: =SUM(I29:I30) -> 2040 | K30: =K29-I30 -> 7550 | L30: =SUMIFS(Stock!$F:$F,Stock!$D:$D,'Shipment '!H30) -> 9434 | N30: =SUMIFS(Plan!$F:$F,Plan!$C:$C,'Shipment '!H30) -> 0 | Q30: =SUMIFS(Plan!$I:$I,Plan!$C:$C,'Shipment '!H30) -> 0 | R30: =SUMIFS(Plan!$J:$J,Plan!$C:$C,'Shipment '!H30) -> 156 | S30: =SUMIFS(Plan!$K:$K,Plan!$C:$C,'Shipment '!H30) -> 0 | T30: =SUMIFS(Plan!$M:$M,Plan!$C:$C,'Shipment '!H30) -> 0 | U30: =SUM(M30:T30) -> 156 | V30: =+L30+U30 -> 9590 | W30: =V30-J30 -> 7550
B31: SEEG | C31: Waiting booking | E31: =IFERROR(VLOOKUP(H31,Infor!B:F,4,0),) -> 65" | F31: =IFERROR(VLOOKUP(H31,Infor!B:F,5,0),) -> L65S7_HVD | G31: BN44-01421A | H31: 0137650504CA | I31: 900 | J31: =SUM(I31) -> 900 | K31: =(L31+Q31)-I31 -> 7164 | L31: =SUMIFS(Stock!$F:$F,Stock!$D:$D,'Shipment '!H31) -> 8064 | M31: =SUMIFS(Plan!$E:$E,Plan!$C:$C,'Shipment '!H31) -> 0 | N31: =SUMIFS(Plan!$F:$F,Plan!$C:$C,'Shipment '!H31) -> 0 | Q31: =SUMIFS(Plan!$I:$I,Plan!$C:$C,'Shipment '!H31) -> 0 | R31: =SUMIFS(Plan!$J:$J,Plan!$C:$C,'Shipment '!H31) -> 0 | S31: =SUMIFS(Plan!$K:$K,Plan!$C:$C,'Shipment '!H31) -> 0 | T31: =SUMIFS(Plan!$M:$M,Plan!$C:$C,'Shipment '!H31) -> 5500 | U31: =SUM(M31:T31) -> 5500 | V31: =+L31+U31 -> 13564 | W31: =V31-J31 -> 12664
E32: =IFERROR(VLOOKUP(H32,Infor!B:F,4,0),) -> 0 | F32: =IFERROR(VLOOKUP(H32,Infor!B:F,5,0),) -> 0 | J32: =SUM(I32:I33) -> 340 | L32: =SUMIFS(Stock!$F:$F,Stock!$D:$D,'Shipment '!H32) -> 0 | M32: =SUMIFS(Plan!$E:$E,Plan!$C:$C,'Shipment '!H32) -> 0 | N32: =SUMIFS(Plan!$F:$F,Plan!$C:$C,'Shipment '!H32) -> 0 | T32: =SUMIFS(Plan!$M:$M,Plan!$C:$C,'Shipment '!H32) -> 0 | U32: =SUM(M32:T32) -> 0 | V32: =+L32+U32 -> 0
B33: SEH (3in1) | C33: Waiting booking | D33: 46195 | E33: =IFERROR(VLOOKUP(H33,Infor!B:F,4,0),) -> 65" | F33: =IFERROR(VLOOKUP(H33,Infor!B:F,5,0),) -> U8000F | G33: BN96-62547D | H33: 0187650250CA | I33: 340 | J33: =SUM(I33:I34) -> 420 | L33: =SUMIFS(Stock!$F:$F,Stock!$D:$D,'Shipment '!H33) -> 0 | O33: =SUMIFS(Plan!$G:$G,Plan!$C:$C,'Shipment '!H33) -> 0 | P33: =SUMIFS(Plan!$H:$H,Plan!$C:$C,'Shipment '!H33) -> 0 | Q33: =SUMIFS(Plan!$I:$I,Plan!$C:$C,'Shipment '!H33) -> 0 | R33: =SUMIFS(Plan!$J:$J,Plan!$C:$C,'Shipment '!H33) -> 0 | S33: =SUMIFS(Plan!$K:$K,Plan!$C:$C,'Shipment '!H33) -> 0 | T33: =SUMIFS(Plan!$M:$M,Plan!$C:$C,'Shipment '!H33) -> 340 | U33: =SUM(M33:T33) -> 340 | V33: =+L33+U33 -> 340 | W33: =V33-J33 -> -80
B34: SEH (3in1) | C34: Waiting booking | D34: 46195 | E34: =IFERROR(VLOOKUP(H34,Infor!B:F,4,0),) -> 75" | F34: =IFERROR(VLOOKUP(H34,Infor!B:F,5,0),) -> U8000F | G34: BN96-62547C | H34: 0187750077CA | I34: 80 | J34: =SUM(I34:I35) -> 11080 | M34: =SUMIFS(Plan!$E:$E,Plan!$C:$C,'Shipment '!H34) -> 0 | N34: =SUMIFS(Plan!$F:$F,Plan!$C:$C,'Shipment '!H34) -> 0 | T34: =SUMIFS(Plan!$M:$M,Plan!$C:$C,'Shipment '!H34) -> 80 | U34: =SUM(M34:T34) -> 80 | W34: =V34-J34 -> -11080
B35: SEH (3in1) | C35: Waiting booking | D35: 46195 | E35: =IFERROR(VLOOKUP(H35,Infor!B:F,4,0),) -> 55" | F35: =IFERROR(VLOOKUP(H35,Infor!B:F,5,0),) -> U8000H | G35: BN96-64397X | H35: 0187550426CA | I35: 11000 | J35: =SUM(I35:I36) -> 22136 | L35: =SUMIFS(Stock!$F:$F,Stock!$D:$D,'Shipment '!H35) -> 0 | M35: =SUMIFS(Plan!$E:$E,Plan!$C:$C,'Shipment '!H35) -> 0 | N35: =SUMIFS(Plan!$F:$F,Plan!$C:$C,'Shipment '!H35) -> 0 | O35: =SUMIFS(Plan!$G:$G,Plan!$C:$C,'Shipment '!H35) -> 0 | P35: =SUMIFS(Plan!$H:$H,Plan!$C:$C,'Shipment '!H35) -> 0 | Q35: =SUMIFS(Plan!$I:$I,Plan!$C:$C,'Shipment '!H35) -> 0 | R35: =SUMIFS(Plan!$J:$J,Plan!$C:$C,'Shipment '!H35) -> 0 | S35: =SUMIFS(Plan!$K:$K,Plan!$C:$C,'Shipment '!H35) -> 0 | T35: =SUMIFS(Plan!$M:$M,Plan!$C:$C,'Shipment '!H35) -> 3600 | U35: =SUM(M35:T35) -> 3600 | V35: =+L35+U35 -> 3600 | W35: =V35-J35 -> -18536
B36: SEH (3in1) | C36: Waiting booking | D36: 46195 | E36: =IFERROR(VLOOKUP(H36,Infor!B:F,4,0),) -> 55" | F36: =IFERROR(VLOOKUP(H36,Infor!B:F,5,0),) -> M70H | G36: BN96-64398D | H36: 0187550437CA | I36: 11136 | J36: =SUM(I36:I36) -> 11136 | L36: =SUMIFS(Stock!$F:$F,Stock!$D:$D,'Shipment '!H36) -> 552 | M36: =SUMIFS(Plan!$E:$E,Plan!$C:$C,'Shipment '!H36) -> 0 | N36: =SUMIFS(Plan!$F:$F,Plan!$C:$C,'Shipment '!H36) -> 0 | O36: =SUMIFS(Plan!$G:$G,Plan!$C:$C,'Shipment '!H36) -> 0 | P36: =SUMIFS(Plan!$H:$H,Plan!$C:$C,'Shipment '!H36) -> 0 | Q36: =SUMIFS(Plan!$I:$I,Plan!$C:$C,'Shipment '!H36) -> 0 | R36: =SUMIFS(Plan!$J:$J,Plan!$C:$C,'Shipment '!H36) -> 0 | S36: =SUMIFS(Plan!$K:$K,Plan!$C:$C,'Shipment '!H36) -> 0 | T36: =SUMIFS(Plan!$M:$M,Plan!$C:$C,'Shipment '!H36) -> 0 | U36: =SUM(M36:T36) -> 0 | V36: =+L36+U36 -> 552 | W36: =V36-J36 -> -10584
B37: SEDA | C37: Waiting booking | E37: =IFERROR(VLOOKUP(H37,Infor!B:F,4,0),) -> 65" | F37: =IFERROR(VLOOKUP(H37,Infor!B:F,5,0),) -> L65S7_HVD | G37: BN44-01421A | H37: 0137650504CA | I37: 13500 | J37: =SUM(I32:I38) -> 41056 | L37: =SUMIFS(Stock!$F:$F,Stock!$D:$D,'Shipment '!H37) -> 8064 | N37: =SUMIFS(Plan!$F:$F,Plan!$C:$C,'Shipment '!H37) -> 0 | O37: =SUMIFS(Plan!$G:$G,Plan!$C:$C,'Shipment '!H37) -> 0 | P37: =SUMIFS(Plan!$H:$H,Plan!$C:$C,'Shipment '!H37) -> 0 | Q37: =SUMIFS(Plan!$I:$I,Plan!$C:$C,'Shipment '!H37) -> 0 | R37: =SUMIFS(Plan!$J:$J,Plan!$C:$C,'Shipment '!H37) -> 0 | S37: =SUMIFS(Plan!$K:$K,Plan!$C:$C,'Shipment '!H37) -> 0 | U37: =SUM(M37:T37) -> 0 | V37: =+L37+U37 -> 8064 | W37: =V37-J37 -> -32992
B38: SEDA | C38: Waiting booking | E38: =IFERROR(VLOOKUP(H38,Infor!B:F,4,0),) -> 75" | F38: =IFERROR(VLOOKUP(H38,Infor!B:F,5,0),) -> L75S7_HVD | G38: BN44-01422A | H38: 0137750274CA | I38: 5000 | J38: =SUM(I38:I39) -> 5070 | L38: =SUMIFS(Stock!$F:$F,Stock!$D:$D,'Shipment '!H38) -> 4422 | M38: =SUMIFS(Plan!$E:$E,Plan!$C:$C,'Shipment '!H38) -> 0 | N38: =SUMIFS(Plan!$F:$F,Plan!$C:$C,'Shipment '!H38) -> 0 | O38: =SUMIFS(Plan!$G:$G,Plan!$C:$C,'Shipment '!H38) -> 0 | P38: =SUMIFS(Plan!$H:$H,Plan!$C:$C,'Shipment '!H38) -> 0 | Q38: =SUMIFS(Plan!$I:$I,Plan!$C:$C,'Shipment '!H38) -> 0 | R38: =SUMIFS(Plan!$J:$J,Plan!$C:$C,'Shipment '!H38) -> 0 | S38: =SUMIFS(Plan!$K:$K,Plan!$C:$C,'Shipment '!H38) -> 0 | T38: =SUMIFS(Plan!$M:$M,Plan!$C:$C,'Shipment '!H38) -> 0 | U38: =SUM(M38:T38) -> 0 | V38: =+L38+U38 -> 4422 | W38: =V38-J38 -> -648
B39: SEDA | C39: Waiting booking | E39: =IFERROR(VLOOKUP(H39,Infor!B:F,4,0),) -> 55" | F39: =IFERROR(VLOOKUP(H39,Infor!B:F,5,0),) -> L55E70A_HVD | G39: BN44-01426A | H39: 0137556092CA | I39: 70 | J39: =SUM(I39:I40) -> 2158 | L39: =SUMIFS(Stock!$F:$F,Stock!$D:$D,'Shipment '!H39) -> 7607 | M39: =SUMIFS(Plan!$E:$E,Plan!$C:$C,'Shipment '!H39) -> 0 | N39: =SUMIFS(Plan!$F:$F,Plan!$C:$C,'Shipment '!H39) -> 0 | O39: =SUMIFS(Plan!$G:$G,Plan!$C:$C,'Shipment '!H39) -> 0 | P39: =SUMIFS(Plan!$H:$H,Plan!$C:$C,'Shipment '!H39) -> 0 | Q39: =SUMIFS(Plan!$I:$I,Plan!$C:$C,'Shipment '!H39) -> 0 | R39: =SUMIFS(Plan!$J:$J,Plan!$C:$C,'Shipment '!H39) -> 0 | S39: =SUMIFS(Plan!$K:$K,Plan!$C:$C,'Shipment '!H39) -> 0 | T39: =SUMIFS(Plan!$M:$M,Plan!$C:$C,'Shipment '!H39) -> 0 | U39: =SUM(M39:T39) -> 0 | V39: =+L39+U39 -> 7607 | W39: =V39-J39 -> 5449
B40: SEDA | C40: Waiting booking | E40: =IFERROR(VLOOKUP(H40,Infor!B:F,4,0),) -> 65" | F40: =IFERROR(VLOOKUP(H40,Infor!B:F,5,0),) -> L65E70A_HVD | G40: BN44-01427A | H40: 0137650511CA | I40: 2088 | J40: =SUM(I40:I41) -> 2989 | L40: =SUMIFS(Stock!$F:$F,Stock!$D:$D,'Shipment '!H40) -> 14423 | N40: =SUMIFS(Plan!$F:$F,Plan!$C:$C,'Shipment '!H40) -> 0 | O40: =SUMIFS(Plan!$G:$G,Plan!$C:$C,'Shipment '!H40) -> 0 | P40: =SUMIFS(Plan!$H:$H,Plan!$C:$C,'Shipment '!H40) -> 0 | Q40: =SUMIFS(Plan!$I:$I,Plan!$C:$C,'Shipment '!H40) -> 0 | R40: =SUMIFS(Plan!$J:$J,Plan!$C:$C,'Shipment '!H40) -> 1462 | S40: =SUMIFS(Plan!$K:$K,Plan!$C:$C,'Shipment '!H40) -> 0 | U40: =SUM(M40:T40) -> 1462 | V40: =+L40+U40 -> 15885 | W40: =V40-J40 -> 12896
B41: SEDA | C41: Waiting booking | E41: =IFERROR(VLOOKUP(H41,Infor!B:F,4,0),) -> 85" | F41: =IFERROR(VLOOKUP(H41,Infor!B:F,5,0),) -> L85E70NA_HVD | G41: BN44-01429A | H41: 0137850179CA | I41: 901 | J41: =SUM(I41:I42) -> 5977 | L41: =SUMIFS(Stock!$F:$F,Stock!$D:$D,'Shipment '!H41) -> 3430 | M41: =SUMIFS(Plan!$E:$E,Plan!$C:$C,'Shipment '!H41) -> 0 | N41: =SUMIFS(Plan!$F:$F,Plan!$C:$C,'Shipment '!H41) -> 0 | O41: =SUMIFS(Plan!$G:$G,Plan!$C:$C,'Shipment '!H41) -> 0 | P41: =SUMIFS(Plan!$H:$H,Plan!$C:$C,'Shipment '!H41) -> 0 | Q41: =SUMIFS(Plan!$I:$I,Plan!$C:$C,'Shipment '!H41) -> 0 | R41: =SUMIFS(Plan!$J:$J,Plan!$C:$C,'Shipment '!H41) -> 0 | S41: =SUMIFS(Plan!$K:$K,Plan!$C:$C,'Shipment '!H41) -> 0 | T41: =SUMIFS(Plan!$M:$M,Plan!$C:$C,'Shipment '!H41) -> 2000 | U41: =SUM(M41:T41) -> 2000 | V41: =+L41+U41 -> 5430 | W41: =V41-J41 -> -547
B42: SAMEX | C42: Waiting booking | E42: =IFERROR(VLOOKUP(H42,Infor!B:F,4,0),) -> 48" | F42: =IFERROR(VLOOKUP(H42,Infor!B:F,5,0),) -> L48CA9N_HVD | G42: BN44-01394A | H42: 0137480160CA | I42: 5076 | J42: =SUM(I42) -> 5076 | L42: =SUMIFS(Stock!$F:$F,Stock!$D:$D,'Shipment '!H42) -> 9434 | M42: =SUMIFS(Plan!$E:$E,Plan!$C:$C,'Shipment '!H42) -> 0 | N42: =SUMIFS(Plan!$F:$F,Plan!$C:$C,'Shipment '!H42) -> 0 | O42: =SUMIFS(Plan!$G:$G,Plan!$C:$C,'Shipment '!H42) -> 0 | P42: =SUMIFS(Plan!$H:$H,Plan!$C:$C,'Shipment '!H42) -> 0 | Q42: =SUMIFS(Plan!$I:$I,Plan!$C:$C,'Shipment '!H42) -> 0 | R42: =SUMIFS(Plan!$J:$J,Plan!$C:$C,'Shipment '!H42) -> 156 | S42: =SUMIFS(Plan!$K:$K,Plan!$C:$C,'Shipment '!H42) -> 0 | T42: =SUMIFS(Plan!$M:$M,Plan!$C:$C,'Shipment '!H42) -> 0 | U42: =SUM(M42:T42) -> 156 | V42: =+L42+U42 -> 9590 | W42: =+V42-J42 -> 4514
B43: SAMEX | C43: Waiting booking | E43: =IFERROR(VLOOKUP(H43,Infor!B:F,4,0),) -> 55" | F43: =IFERROR(VLOOKUP(H43,Infor!B:F,5,0),) -> L55CA9N_HVD | G43: BN44-01395A | H43: 0137556089CA | I43: 1878 | J43: =SUM(I43) -> 1878 | L43: =SUMIFS(Stock!$F:$F,Stock!$D:$D,'Shipment '!H43) -> 2076 | M43: =SUMIFS(Plan!$E:$E,Plan!$C:$C,'Shipment '!H43) -> 0 | N43: =SUMIFS(Plan!$F:$F,Plan!$C:$C,'Shipment '!H43) -> 0 | O43: =SUMIFS(Plan!$G:$G,Plan!$C:$C,'Shipment '!H43) -> 0 | P43: =SUMIFS(Plan!$H:$H,Plan!$C:$C,'Shipment '!H43) -> 0 | Q43: =SUMIFS(Plan!$I:$I,Plan!$C:$C,'Shipment '!H43) -> 0 | R43: =SUMIFS(Plan!$J:$J,Plan!$C:$C,'Shipment '!H43) -> 0 | S43: =SUMIFS(Plan!$K:$K,Plan!$C:$C,'Shipment '!H43) -> 1174 | T43: =SUMIFS(Plan!$M:$M,Plan!$C:$C,'Shipment '!H43) -> 0 | U43: =SUM(M43:T43) -> 1174 | V43: =+L43+U43 -> 3250 | W43: =+V43-J43 -> 1372
B44: SAMEX | C44: Waiting booking | E44: =IFERROR(VLOOKUP(H44,Infor!B:F,4,0),) -> 55" | F44: =IFERROR(VLOOKUP(H44,Infor!B:F,5,0),) -> L55CA9N_HVD | G44: BN44-01395A | H44: 0137556089CA | I44: 2852 | J44: =SUM(I44) -> 2852 | L44: =SUMIFS(Stock!$F:$F,Stock!$D:$D,'Shipment '!H44) -> 2076 | N44: =SUMIFS(Plan!$F:$F,Plan!$C:$C,'Shipment '!H44) -> 0 | O44: =SUMIFS(Plan!$G:$G,Plan!$C:$C,'Shipment '!H44) -> 0 | P44: =SUMIFS(Plan!$H:$H,Plan!$C:$C,'Shipment '!H44) -> 0 | Q44: =SUMIFS(Plan!$I:$I,Plan!$C:$C,'Shipment '!H44) -> 0 | R44: =SUMIFS(Plan!$J:$J,Plan!$C:$C,'Shipment '!H44) -> 0 | S44: =SUMIFS(Plan!$K:$K,Plan!$C:$C,'Shipment '!H44) -> 1174 | U44: =SUM(M44:T44) -> 1174 | V44: =+L44+U44 -> 3250 | W44: =+V44-J44 -> 398
B45: SAMEX | C45: Waiting booking | E45: =IFERROR(VLOOKUP(H45,Infor!B:F,4,0),) -> 65" | F45: =IFERROR(VLOOKUP(H45,Infor!B:F,5,0),) -> L65CA9N_HVD | G45: BN44-01396A | H45: 0137650478CA | I45: 11700 | J45: =SUM(I45) -> 11700 | L45: =SUMIFS(Stock!$F:$F,Stock!$D:$D,'Shipment '!H45) -> 6788 | M45: =SUMIFS(Plan!$E:$E,Plan!$C:$C,'Shipment '!H45) -> 0 | N45: =SUMIFS(Plan!$F:$F,Plan!$C:$C,'Shipment '!H45) -> 0 | O45: =SUMIFS(Plan!$G:$G,Plan!$C:$C,'Shipment '!H45) -> 0 | P45: =SUMIFS(Plan!$H:$H,Plan!$C:$C,'Shipment '!H45) -> 0 | Q45: =SUMIFS(Plan!$I:$I,Plan!$C:$C,'Shipment '!H45) -> 0 | R45: =SUMIFS(Plan!$J:$J,Plan!$C:$C,'Shipment '!H45) -> 2680 | S45: =SUMIFS(Plan!$K:$K,Plan!$C:$C,'Shipment '!H45) -> 2074 | T45: =SUMIFS(Plan!$M:$M,Plan!$C:$C,'Shipment '!H45) -> 2700 | U45: =SUM(M45:T45) -> 7454 | V45: =+L45+U45 -> 14242 | W45: =+V45-J45 -> 2542
B46: SAMEX | C46: Waiting booking | E46: =IFERROR(VLOOKUP(H46,Infor!B:F,4,0),) -> 83" | F46: =IFERROR(VLOOKUP(H46,Infor!B:F,5,0),) -> L83CA9N_HVD | G46: BN44-01398A | H46: 0137830051CA | I46: 900 | J46: =SUM(I46) -> 900 | L46: =SUMIFS(Stock!$F:$F,Stock!$D:$D,'Shipment '!H46) -> 87 | M46: =SUMIFS(Plan!$E:$E,Plan!$C:$C,'Shipment '!H46) -> 0 | N46: =SUMIFS(Plan!$F:$F,Plan!$C:$C,'Shipment '!H46) -> 0 | O46: =SUMIFS(Plan!$G:$G,Plan!$C:$C,'Shipment '!H46) -> 0 | P46: =SUMIFS(Plan!$H:$H,Plan!$C:$C,'Shipment '!H46) -> 0 | Q46: =SUMIFS(Plan!$I:$I,Plan!$C:$C,'Shipment '!H46) -> 0 | R46: =SUMIFS(Plan!$J:$J,Plan!$C:$C,'Shipment '!H46) -> 1413 | S46: =SUMIFS(Plan!$K:$K,Plan!$C:$C,'Shipment '!H46) -> 0 | T46: =SUMIFS(Plan!$M:$M,Plan!$C:$C,'Shipment '!H46) -> 0 | U46: =SUM(M46:T46) -> 1413 | V46: =+L46+U46 -> 1500 | W46: =+V46-J46 -> 600
B47: SAMEX | C47: Waiting booking | E47: =IFERROR(VLOOKUP(H47,Infor!B:F,4,0),) -> 65" | F47: =IFERROR(VLOOKUP(H47,Infor!B:F,5,0),) -> L65S7_HVD | G47: BN44-01421A | H47: 0137650504CA | I47: 15200 | J47: =SUM(I47) -> 15200 | L47: =SUMIFS(Stock!$F:$F,Stock!$D:$D,'Shipment '!H47) -> 8064 | N47: =SUMIFS(Plan!$F:$F,Plan!$C:$C,'Shipment '!H47) -> 0 | O47: =SUMIFS(Plan!$G:$G,Plan!$C:$C,'Shipment '!H47) -> 0 | P47: =SUMIFS(Plan!$H:$H,Plan!$C:$C,'Shipment '!H47) -> 0 | Q47: =SUMIFS(Plan!$I:$I,Plan!$C:$C,'Shipment '!H47) -> 0 | R47: =SUMIFS(Plan!$J:$J,Plan!$C:$C,'Shipment '!H47) -> 0 | S47: =SUMIFS(Plan!$K:$K,Plan!$C:$C,'Shipment '!H47) -> 0 | U47: =SUM(M47:T47) -> 0 | V47: =+L47+U47 -> 8064 | W47: =+V47-J47 -> -7136
B48: SAMEX | C48: Waiting booking | E48: =IFERROR(VLOOKUP(H48,Infor!B:F,4,0),) -> 65" | F48: =IFERROR(VLOOKUP(H48,Infor!B:F,5,0),) -> L65S7A_HVD | G48: BN44-01421B | H48: 0137650505CA | I48: 18300 | J48: =SUM(I48) -> 18300 | L48: =SUMIFS(Stock!$F:$F,Stock!$D:$D,'Shipment '!H48) -> 11448 | M48: =SUMIFS(Plan!$E:$E,Plan!$C:$C,'Shipment '!H48) -> 0 | N48: =SUMIFS(Plan!$F:$F,Plan!$C:$C,'Shipment '!H48) -> 0 | O48: =SUMIFS(Plan!$G:$G,Plan!$C:$C,'Shipment '!H48) -> 0 | P48: =SUMIFS(Plan!$H:$H,Plan!$C:$C,'Shipment '!H48) -> 0 | Q48: =SUMIFS(Plan!$I:$I,Plan!$C:$C,'Shipment '!H48) -> 0 | R48: =SUMIFS(Plan!$J:$J,Plan!$C:$C,'Shipment '!H48) -> 7360 | S48: =SUMIFS(Plan!$K:$K,Plan!$C:$C,'Shipment '!H48) -> 6622 | T48: =SUMIFS(Plan!$M:$M,Plan!$C:$C,'Shipment '!H48) -> 0 | U48: =SUM(M48:T48) -> 13982 | V48: =+L48+U48 -> 25430 | W48: =+V48-J48 -> 7130
B49: SAMEX | C49: Waiting booking | E49: =IFERROR(VLOOKUP(H49,Infor!B:F,4,0),) -> 75" | F49: =IFERROR(VLOOKUP(H49,Infor!B:F,5,0),) -> L75S7_HVD | G49: BN44-01422A | H49: 0137750274CA | I49: 5200 | J49: =SUM(I49) -> 5200 | L49: =SUMIFS(Stock!$F:$F,Stock!$D:$D,'Shipment '!H49) -> 4422 | M49: =SUMIFS(Plan!$E:$E,Plan!$C:$C,'Shipment '!H49) -> 0 | N49: =SUMIFS(Plan!$F:$F,Plan!$C:$C,'Shipment '!H49) -> 0 | O49: =SUMIFS(Plan!$G:$G,Plan!$C:$C,'Shipment '!H49) -> 0 | P49: =SUMIFS(Plan!$H:$H,Plan!$C:$C,'Shipment '!H49) -> 0 | Q49: =SUMIFS(Plan!$I:$I,Plan!$C:$C,'Shipment '!H49) -> 0 | R49: =SUMIFS(Plan!$J:$J,Plan!$C:$C,'Shipment '!H49) -> 0 | S49: =SUMIFS(Plan!$K:$K,Plan!$C:$C,'Shipment '!H49) -> 0 | T49: =SUMIFS(Plan!$M:$M,Plan!$C:$C,'Shipment '!H49) -> 0 | U49: =SUM(M49:T49) -> 0 | V49: =+L49+U49 -> 4422 | W49: =+V49-J49 -> -778
B50: SAMEX | C50: Waiting booking | E50: =IFERROR(VLOOKUP(H50,Infor!B:F,4,0),) -> 75" | F50: =IFERROR(VLOOKUP(H50,Infor!B:F,5,0),) -> L75S7A_HVD | G50: BN44-01422B | H50: 0137750275CA | I50: 1000 | J50: =SUM(I50) -> 1000 | L50: =SUMIFS(Stock!$F:$F,Stock!$D:$D,'Shipment '!H50) -> 28 | N50: =SUMIFS(Plan!$F:$F,Plan!$C:$C,'Shipment '!H50) -> 0 | O50: =SUMIFS(Plan!$G:$G,Plan!$C:$C,'Shipment '!H50) -> 0 | P50: =SUMIFS(Plan!$H:$H,Plan!$C:$C,'Shipment '!H50) -> 0 | Q50: =SUMIFS(Plan!$I:$I,Plan!$C:$C,'Shipment '!H50) -> 0 | R50: =SUMIFS(Plan!$J:$J,Plan!$C:$C,'Shipment '!H50) -> 0 | S50: =SUMIFS(Plan!$K:$K,Plan!$C:$C,'Shipment '!H50) -> 0 | U50: =SUM(M50:T50) -> 0 | V50: =+L50+U50 -> 28 | W50: =+V50-J50 -> -972
B51: SAMEX | C51: Waiting booking | E51: =IFERROR(VLOOKUP(H51,Infor!B:F,4,0),) -> 43" | F51: =IFERROR(VLOOKUP(H51,Infor!B:F,5,0),) -> L43E60A_HVD | G51: BN44-01424A | H51: 0137430033CA | I51: 3408 | J51: =SUM(I51) -> 3408 | L51: =SUMIFS(Stock!$F:$F,Stock!$D:$D,'Shipment '!H51) -> 4050 | N51: =SUMIFS(Plan!$F:$F,Plan!$C:$C,'Shipment '!H51) -> 0 | O51: =SUMIFS(Plan!$G:$G,Plan!$C:$C,'Shipment '!H51) -> 0 | P51: =SUMIFS(Plan!$H:$H,Plan!$C:$C,'Shipment '!H51) -> 0 | Q51: =SUMIFS(Plan!$I:$I,Plan!$C:$C,'Shipment '!H51) -> 0 | R51: =SUMIFS(Plan!$J:$J,Plan!$C:$C,'Shipment '!H51) -> 0 | S51: =SUMIFS(Plan!$K:$K,Plan!$C:$C,'Shipment '!H51) -> 0 | U51: =SUM(M51:T51) -> 0 | V51: =+L51+U51 -> 4050 | W51: =+V51-J51 -> 642
B52: SAMEX | C52: Waiting booking | E52: =IFERROR(VLOOKUP(H52,Infor!B:F,4,0),) -> 55" | F52: =IFERROR(VLOOKUP(H52,Infor!B:F,5,0),) -> L55E70A_HVD | G52: BN44-01426A | H52: 0137556092CA | I52: 1400 | J52: =SUM(I52:I53) -> 10688 | L52: =SUMIFS(Stock!$F:$F,Stock!$D:$D,'Shipment '!H52) -> 7607 | M52: =SUMIFS(Plan!$E:$E,Plan!$C:$C,'Shipment '!H52) -> 0 | N52: =SUMIFS(Plan!$F:$F,Plan!$C:$C,'Shipment '!H52) -> 0 | T52: =SUMIFS(Plan!$M:$M,Plan!$C:$C,'Shipment '!H52) -> 0 | U52: =SUM(M52:T52) -> 0 | V52: =+L52+U52 -> 7607
B53: SAMEX | C53: Waiting booking | E53: =IFERROR(VLOOKUP(H53,Infor!B:F,4,0),) -> 65" | F53: =IFERROR(VLOOKUP(H53,Infor!B:F,5,0),) -> L65E70A_HVD | G53: BN44-01427A | H53: 0137650511CA | I53: 9288 | J53: =SUM(I53:I54) -> 10114 | L53: =SUMIFS(Stock!$F:$F,Stock!$D:$D,'Shipment '!H53) -> 14423 | O53: =SUMIFS(Plan!$G:$G,Plan!$C:$C,'Shipment '!H53) -> 0 | P53: =SUMIFS(Plan!$H:$H,Plan!$C:$C,'Shipment '!H53) -> 0 | Q53: =SUMIFS(Plan!$I:$I,Plan!$C:$C,'Shipment '!H53) -> 0 | R53: =SUMIFS(Plan!$J:$J,Plan!$C:$C,'Shipment '!H53) -> 1462 | S53: =SUMIFS(Plan!$K:$K,Plan!$C:$C,'Shipment '!H53) -> 0 | T53: =SUMIFS(Plan!$M:$M,Plan!$C:$C,'Shipment '!H53) -> 3900 | U53: =SUM(M53:T53) -> 5362 | V53: =+L53+U53 -> 19785 | W53: =V53-J53 -> 9671
B54: SAMEX | C54: Waiting booking | E54: =IFERROR(VLOOKUP(H54,Infor!B:F,4,0),) -> 85" | F54: =IFERROR(VLOOKUP(H54,Infor!B:F,5,0),) -> L85E70NA_HVD | G54: BN44-01429A | H54: 0137850179CA | I54: 826 | J54: =SUM(I54:I55) -> 6251 | M54: =SUMIFS(Plan!$E:$E,Plan!$C:$C,'Shipment '!H54) -> 0 | N54: =SUMIFS(Plan!$F:$F,Plan!$C:$C,'Shipment '!H54) -> 0 | T54: =SUMIFS(Plan!$M:$M,Plan!$C:$C,'Shipment '!H54) -> 2000 | U54: =SUM(M54:T54) -> 2000 | W54: =V54-J54 -> -6251
B55: SAMEX | C55: Waiting booking | E55: =IFERROR(VLOOKUP(H55,Infor!B:F,4,0),) -> 55" | F55: =IFERROR(VLOOKUP(H55,Infor!B:F,5,0),) -> L55F70NA_HHS | G55: BN44-01438A | H55: 0137556101CA | I55: 5425 | J55: =SUM(I55:I56) -> 9925 | L55: =SUMIFS(Stock!$F:$F,Stock!$D:$D,'Shipment '!H55) -> 637 | M55: =SUMIFS(Plan!$E:$E,Plan!$C:$C,'Shipment '!H55) -> 0 | N55: =SUMIFS(Plan!$F:$F,Plan!$C:$C,'Shipment '!H55) -> 0 | O55: =SUMIFS(Plan!$G:$G,Plan!$C:$C,'Shipment '!H55) -> 0 | P55: =SUMIFS(Plan!$H:$H,Plan!$C:$C,'Shipment '!H55) -> 0 | Q55: =SUMIFS(Plan!$I:$I,Plan!$C:$C,'Shipment '!H55) -> 0 | R55: =SUMIFS(Plan!$J:$J,Plan!$C:$C,'Shipment '!H55) -> 2663 | S55: =SUMIFS(Plan!$K:$K,Plan!$C:$C,'Shipment '!H55) -> 2300 | T55: =SUMIFS(Plan!$M:$M,Plan!$C:$C,'Shipment '!H55) -> 0 | U55: =SUM(M55:T55) -> 4963 | V55: =+L55+U55 -> 5600 | W55: =V55-J55 -> -4325
B56: SAMEX | C56: Waiting booking | E56: =IFERROR(VLOOKUP(H56,Infor!B:F,4,0),) -> 65" | F56: =IFERROR(VLOOKUP(H56,Infor!B:F,5,0),) -> L65FE8N_HHS | G56: BN44-01441A | H56: 0137650521CA | I56: 4500 | J56: =SUM(I56:I57) -> 4500 | L56: =SUMIFS(Stock!$F:$F,Stock!$D:$D,'Shipment '!H56) -> 1606 | M56: =SUMIFS(Plan!$E:$E,Plan!$C:$C,'Shipment '!H56) -> 0 | N56: =SUMIFS(Plan!$F:$F,Plan!$C:$C,'Shipment '!H56) -> 0 | O56: =SUMIFS(Plan!$G:$G,Plan!$C:$C,'Shipment '!H56) -> 0 | P56: =SUMIFS(Plan!$H:$H,Plan!$C:$C,'Shipment '!H56) -> 0 | Q56: =SUMIFS(Plan!$I:$I,Plan!$C:$C,'Shipment '!H56) -> 0 | R56: =SUMIFS(Plan!$J:$J,Plan!$C:$C,'Shipment '!H56) -> 1340 | S56: =SUMIFS(Plan!$K:$K,Plan!$C:$C,'Shipment '!H56) -> 0 | T56: =SUMIFS(Plan!$M:$M,Plan!$C:$C,'Shipment '!H56) -> 300 | U56: =SUM(M56:T56) -> 1640 | V56: =+L56+U56 -> 3246 | W56: =V56-J56 -> -1254
E57: =IFERROR(VLOOKUP(H57,Infor!B:F,4,0),) -> 0 | F57: =IFERROR(VLOOKUP(H57,Infor!B:F,5,0),) -> 0 | J57: =SUM(I57:I58) -> 0 | L57: =SUMIFS(Stock!$F:$F,Stock!$D:$D,'Shipment '!H57) -> 0 | N57: =SUMIFS(Plan!$F:$F,Plan!$C:$C,'Shipment '!H57) -> 0 | O57: =SUMIFS(Plan!$G:$G,Plan!$C:$C,'Shipment '!H57) -> 0 | P57: =SUMIFS(Plan!$H:$H,Plan!$C:$C,'Shipment '!H57) -> 0 | Q57: =SUMIFS(Plan!$I:$I,Plan!$C:$C,'Shipment '!H57) -> 0 | R57: =SUMIFS(Plan!$J:$J,Plan!$C:$C,'Shipment '!H57) -> 0 | S57: =SUMIFS(Plan!$K:$K,Plan!$C:$C,'Shipment '!H57) -> 0 | U57: =SUM(M57:T57) -> 0 | V57: =+L57+U57 -> 0 | W57: =V57-J57 -> 0
E58: =IFERROR(VLOOKUP(H58,Infor!B:F,4,0),) -> 0 | F58: =IFERROR(VLOOKUP(H58,Infor!B:F,5,0),) -> 0 | J58: =SUM(I58:I59) -> 0 | L58: =SUMIFS(Stock!$F:$F,Stock!$D:$D,'Shipment '!H58) -> 0 | M58: =SUMIFS(Plan!$E:$E,Plan!$C:$C,'Shipment '!H58) -> 0 | N58: =SUMIFS(Plan!$F:$F,Plan!$C:$C,'Shipment '!H58) -> 0 | O58: =SUMIFS(Plan!$G:$G,Plan!$C:$C,'Shipment '!H58) -> 0 | P58: =SUMIFS(Plan!$H:$H,Plan!$C:$C,'Shipment '!H58) -> 0 | Q58: =SUMIFS(Plan!$I:$I,Plan!$C:$C,'Shipment '!H58) -> 0 | R58: =SUMIFS(Plan!$J:$J,Plan!$C:$C,'Shipment '!H58) -> 0 | S58: =SUMIFS(Plan!$K:$K,Plan!$C:$C,'Shipment '!H58) -> 0 | T58: =SUMIFS(Plan!$M:$M,Plan!$C:$C,'Shipment '!H58) -> 0 | U58: =SUM(M58:T58) -> 0 | V58: =+L58+U58 -> 0 | W58: =V58-J58 -> 0
E59: =IFERROR(VLOOKUP(H59,Infor!B:F,4,0),) -> 0 | F59: =IFERROR(VLOOKUP(H59,Infor!B:F,5,0),) -> 0 | J59: =SUM(I59:I60) -> 0 | L59: =SUMIFS(Stock!$F:$F,Stock!$D:$D,'Shipment '!H59) -> 0 | M59: =SUMIFS(Plan!$E:$E,Plan!$C:$C,'Shipment '!H59) -> 0 | N59: =SUMIFS(Plan!$F:$F,Plan!$C:$C,'Shipment '!H59) -> 0 | O59: =SUMIFS(Plan!$G:$G,Plan!$C:$C,'Shipment '!H59) -> 0 | P59: =SUMIFS(Plan!$H:$H,Plan!$C:$C,'Shipment '!H59) -> 0 | Q59: =SUMIFS(Plan!$I:$I,Plan!$C:$C,'Shipment '!H59) -> 0 | R59: =SUMIFS(Plan!$J:$J,Plan!$C:$C,'Shipment '!H59) -> 0 | S59: =SUMIFS(Plan!$K:$K,Plan!$C:$C,'Shipment '!H59) -> 0 | T59: =SUMIFS(Plan!$M:$M,Plan!$C:$C,'Shipment '!H59) -> 0 | U59: =SUM(M59:T59) -> 0 | V59: =+L59+U59 -> 0 | W59: =V59-J59 -> 0
E60: =IFERROR(VLOOKUP(H60,Infor!B:F,4,0),) -> 0 | F60: =IFERROR(VLOOKUP(H60,Infor!B:F,5,0),) -> 0 | J60: =SUM(I60:I61) -> 0 | L60: =SUMIFS(Stock!$F:$F,Stock!$D:$D,'Shipment '!H60) -> 0 | N60: =SUMIFS(Plan!$F:$F,Plan!$C:$C,'Shipment '!H60) -> 0 | O60: =SUMIFS(Plan!$G:$G,Plan!$C:$C,'Shipment '!H60) -> 0 | P60: =SUMIFS(Plan!$H:$H,Plan!$C:$C,'Shipment '!H60) -> 0 | Q60: =SUMIFS(Plan!$I:$I,Plan!$C:$C,'Shipment '!H60) -> 0 | R60: =SUMIFS(Plan!$J:$J,Plan!$C:$C,'Shipment '!H60) -> 0 | S60: =SUMIFS(Plan!$K:$K,Plan!$C:$C,'Shipment '!H60) -> 0 | U60: =SUM(M60:T60) -> 0 | V60: =+L60+U60 -> 0 | W60: =V60-J60 -> 0
E61: =IFERROR(VLOOKUP(H61,Infor!B:F,4,0),) -> 0 | F61: =IFERROR(VLOOKUP(H61,Infor!B:F,5,0),) -> 0 | J61: =SUM(I61:I62) -> 0 | L61: =SUMIFS(Stock!$F:$F,Stock!$D:$D,'Shipment '!H61) -> 0 | M61: =SUMIFS(Plan!$E:$E,Plan!$C:$C,'Shipment '!H61) -> 0 | N61: =SUMIFS(Plan!$F:$F,Plan!$C:$C,'Shipment '!H61) -> 0 | O61: =SUMIFS(Plan!$G:$G,Plan!$C:$C,'Shipment '!H61) -> 0 | P61: =SUMIFS(Plan!$H:$H,Plan!$C:$C,'Shipment '!H61) -> 0 | Q61: =SUMIFS(Plan!$I:$I,Plan!$C:$C,'Shipment '!H61) -> 0 | R61: =SUMIFS(Plan!$J:$J,Plan!$C:$C,'Shipment '!H61) -> 0 | S61: =SUMIFS(Plan!$K:$K,Plan!$C:$C,'Shipment '!H61) -> 0 | T61: =SUMIFS(Plan!$M:$M,Plan!$C:$C,'Shipment '!H61) -> 0 | U61: =SUM(M61:T61) -> 0 | V61: =+L61+U61 -> 0 | W61: =V61-J61 -> 0
E62: =IFERROR(VLOOKUP(H62,Infor!B:F,4,0),) -> 0 | F62: =IFERROR(VLOOKUP(H62,Infor!B:F,5,0),) -> 0 | J62: =SUM(I62) -> 0 | L62: =SUMIFS(Stock!$F:$F,Stock!$D:$D,'Shipment '!H62) -> 0 | M62: =SUMIFS(Plan!$E:$E,Plan!$C:$C,'Shipment '!H62) -> 0 | N62: =SUMIFS(Plan!$F:$F,Plan!$C:$C,'Shipment '!H62) -> 0 | O62: =SUMIFS(Plan!$G:$G,Plan!$C:$C,'Shipment '!H62) -> 0 | P62: =SUMIFS(Plan!$H:$H,Plan!$C:$C,'Shipment '!H62) -> 0 | Q62: =SUMIFS(Plan!$I:$I,Plan!$C:$C,'Shipment '!H62) -> 0 | R62: =SUMIFS(Plan!$J:$J,Plan!$C:$C,'Shipment '!H62) -> 0 | S62: =SUMIFS(Plan!$K:$K,Plan!$C:$C,'Shipment '!H62) -> 0 | T62: =SUMIFS(Plan!$M:$M,Plan!$C:$C,'Shipment '!H62) -> 0 | U62: =SUM(M62:T62) -> 0 | V62: =+L62+U62 -> 0 | W62: =+V62-J62 -> 0
E63: =IFERROR(VLOOKUP(H63,Infor!B:F,4,0),) -> 0 | F63: =IFERROR(VLOOKUP(H63,Infor!B:F,5,0),) -> 0 | J63: =SUM(I63) -> 0 | L63: =SUMIFS(Stock!$F:$F,Stock!$D:$D,'Shipment '!H63) -> 0 | M63: =SUMIFS(Plan!$E:$E,Plan!$C:$C,'Shipment '!H63) -> 0 | N63: =SUMIFS(Plan!$F:$F,Plan!$C:$C,'Shipment '!H63) -> 0 | O63: =SUMIFS(Plan!$G:$G,Plan!$C:$C,'Shipment '!H63) -> 0 | P63: =SUMIFS(Plan!$H:$H,Plan!$C:$C,'Shipment '!H63) -> 0 | Q63: =SUMIFS(Plan!$I:$I,Plan!$C:$C,'Shipment '!H63) -> 0 | R63: =SUMIFS(Plan!$J:$J,Plan!$C:$C,'Shipment '!H63) -> 0 | S63: =SUMIFS(Plan!$K:$K,Plan!$C:$C,'Shipment '!H63) -> 0 | T63: =SUMIFS(Plan!$M:$M,Plan!$C:$C,'Shipment '!H63) -> 0 | U63: =SUM(M63:T63) -> 0 | V63: =+L63+U63 -> 0 | W63: =+V63-J63 -> 0
E64: =IFERROR(VLOOKUP(H64,Infor!B:F,4,0),) -> 0 | F64: =IFERROR(VLOOKUP(H64,Infor!B:F,5,0),) -> 0 | J64: =SUM(I64) -> 0 | L64: =SUMIFS(Stock!$F:$F,Stock!$D:$D,'Shipment '!H64) -> 0 | N64: =SUMIFS(Plan!$F:$F,Plan!$C:$C,'Shipment '!H64) -> 0 | O64: =SUMIFS(Plan!$G:$G,Plan!$C:$C,'Shipment '!H64) -> 0 | P64: =SUMIFS(Plan!$H:$H,Plan!$C:$C,'Shipment '!H64) -> 0 | Q64: =SUMIFS(Plan!$I:$I,Plan!$C:$C,'Shipment '!H64) -> 0 | R64: =SUMIFS(Plan!$J:$J,Plan!$C:$C,'Shipment '!H64) -> 0 | S64: =SUMIFS(Plan!$K:$K,Plan!$C:$C,'Shipment '!H64) -> 0 | U64: =SUM(M64:T64) -> 0 | V64: =+L64+U64 -> 0 | W64: =+V64-J64 -> 0
E65: =IFERROR(VLOOKUP(H65,Infor!B:F,4,0),) -> 0 | F65: =IFERROR(VLOOKUP(H65,Infor!B:F,5,0),) -> 0 | J65: =SUM(I65) -> 0 | L65: =SUMIFS(Stock!$F:$F,Stock!$D:$D,'Shipment '!H65) -> 0 | M65: =SUMIFS(Plan!$E:$E,Plan!$C:$C,'Shipment '!H65) -> 0 | N65: =SUMIFS(Plan!$F:$F,Plan!$C:$C,'Shipment '!H65) -> 0 | O65: =SUMIFS(Plan!$G:$G,Plan!$C:$C,'Shipment '!H65) -> 0 | P65: =SUMIFS(Plan!$H:$H,Plan!$C:$C,'Shipment '!H65) -> 0 | Q65: =SUMIFS(Plan!$I:$I,Plan!$C:$C,'Shipment '!H65) -> 0 | R65: =SUMIFS(Plan!$J:$J,Plan!$C:$C,'Shipment '!H65) -> 0 | S65: =SUMIFS(Plan!$K:$K,Plan!$C:$C,'Shipment '!H65) -> 0 | T65: =SUMIFS(Plan!$M:$M,Plan!$C:$C,'Shipment '!H65) -> 0 | U65: =SUM(M65:T65) -> 0 | V65: =+L65+U65 -> 0 | W65: =+V65-J65 -> 0
E66: =IFERROR(VLOOKUP(H66,Infor!B:F,4,0),) -> 0 | F66: =IFERROR(VLOOKUP(H66,Infor!B:F,5,0),) -> 0 | J66: =SUM(I66) -> 0 | L66: =SUMIFS(Stock!$F:$F,Stock!$D:$D,'Shipment '!H66) -> 0 | M66: =SUMIFS(Plan!$E:$E,Plan!$C:$C,'Shipment '!H66) -> 0 | N66: =SUMIFS(Plan!$F:$F,Plan!$C:$C,'Shipment '!H66) -> 0 | O66: =SUMIFS(Plan!$G:$G,Plan!$C:$C,'Shipment '!H66) -> 0 | P66: =SUMIFS(Plan!$H:$H,Plan!$C:$C,'Shipment '!H66) -> 0 | Q66: =SUMIFS(Plan!$I:$I,Plan!$C:$C,'Shipment '!H66) -> 0 | R66: =SUMIFS(Plan!$J:$J,Plan!$C:$C,'Shipment '!H66) -> 0 | S66: =SUMIFS(Plan!$K:$K,Plan!$C:$C,'Shipment '!H66) -> 0 | T66: =SUMIFS(Plan!$M:$M,Plan!$C:$C,'Shipment '!H66) -> 0 | U66: =SUM(M66:T66) -> 0 | V66: =+L66+U66 -> 0 | W66: =+V66-J66 -> 0
E67: =IFERROR(VLOOKUP(H67,Infor!B:F,4,0),) -> 0 | F67: =IFERROR(VLOOKUP(H67,Infor!B:F,5,0),) -> 0 | J67: =SUM(I67) -> 0 | L67: =SUMIFS(Stock!$F:$F,Stock!$D:$D,'Shipment '!H67) -> 0 | N67: =SUMIFS(Plan!$F:$F,Plan!$C:$C,'Shipment '!H67) -> 0 | O67: =SUMIFS(Plan!$G:$G,Plan!$C:$C,'Shipment '!H67) -> 0 | P67: =SUMIFS(Plan!$H:$H,Plan!$C:$C,'Shipment '!H67) -> 0 | Q67: =SUMIFS(Plan!$I:$I,Plan!$C:$C,'Shipment '!H67) -> 0 | R67: =SUMIFS(Plan!$J:$J,Plan!$C:$C,'Shipment '!H67) -> 0 | S67: =SUMIFS(Plan!$K:$K,Plan!$C:$C,'Shipment '!H67) -> 0 | U67: =SUM(M67:T67) -> 0 | V67: =+L67+U67 -> 0 | W67: =+V67-J67 -> 0
E68: =IFERROR(VLOOKUP(H68,Infor!B:F,4,0),) -> 0 | F68: =IFERROR(VLOOKUP(H68,Infor!B:F,5,0),) -> 0 | J68: =SUM(I68) -> 0 | L68: =SUMIFS(Stock!$F:$F,Stock!$D:$D,'Shipment '!H68) -> 0 | M68: =SUMIFS(Plan!$E:$E,Plan!$C:$C,'Shipment '!H68) -> 0 | N68: =SUMIFS(Plan!$F:$F,Plan!$C:$C,'Shipment '!H68) -> 0 | O68: =SUMIFS(Plan!$G:$G,Plan!$C:$C,'Shipment '!H68) -> 0 | P68: =SUMIFS(Plan!$H:$H,Plan!$C:$C,'Shipment '!H68) -> 0 | Q68: =SUMIFS(Plan!$I:$I,Plan!$C:$C,'Shipment '!H68) -> 0 | R68: =SUMIFS(Plan!$J:$J,Plan!$C:$C,'Shipment '!H68) -> 0 | S68: =SUMIFS(Plan!$K:$K,Plan!$C:$C,'Shipment '!H68) -> 0 | T68: =SUMIFS(Plan!$M:$M,Plan!$C:$C,'Shipment '!H68) -> 0 | U68: =SUM(M68:T68) -> 0 | V68: =+L68+U68 -> 0 | W68: =+V68-J68 -> 0
E69: =IFERROR(VLOOKUP(H69,Infor!B:F,4,0),) -> 0 | F69: =IFERROR(VLOOKUP(H69,Infor!B:F,5,0),) -> 0 | J69: =SUM(I69) -> 0 | L69: =SUMIFS(Stock!$F:$F,Stock!$D:$D,'Shipment '!H69) -> 0 | M69: =SUMIFS(Plan!$E:$E,Plan!$C:$C,'Shipment '!H69) -> 0 | N69: =SUMIFS(Plan!$F:$F,Plan!$C:$C,'Shipment '!H69) -> 0 | O69: =SUMIFS(Plan!$G:$G,Plan!$C:$C,'Shipment '!H69) -> 0 | P69: =SUMIFS(Plan!$H:$H,Plan!$C:$C,'Shipment '!H69) -> 0 | Q69: =SUMIFS(Plan!$I:$I,Plan!$C:$C,'Shipment '!H69) -> 0 | R69: =SUMIFS(Plan!$J:$J,Plan!$C:$C,'Shipment '!H69) -> 0 | S69: =SUMIFS(Plan!$K:$K,Plan!$C:$C,'Shipment '!H69) -> 0 | T69: =SUMIFS(Plan!$M:$M,Plan!$C:$C,'Shipment '!H69) -> 0 | U69: =SUM(M69:T69) -> 0 | V69: =+L69+U69 -> 0 | W69: =+V69-J69 -> 0
E70: =IFERROR(VLOOKUP(H70,Infor!B:F,4,0),) -> 0 | F70: =IFERROR(VLOOKUP(H70,Infor!B:F,5,0),) -> 0 | J70: =SUM(I70) -> 0 | L70: =SUMIFS(Stock!$F:$F,Stock!$D:$D,'Shipment '!H70) -> 0 | N70: =SUMIFS(Plan!$F:$F,Plan!$C:$C,'Shipment '!H70) -> 0 | O70: =SUMIFS(Plan!$G:$G,Plan!$C:$C,'Shipment '!H70) -> 0 | P70: =SUMIFS(Plan!$H:$H,Plan!$C:$C,'Shipment '!H70) -> 0 | Q70: =SUMIFS(Plan!$I:$I,Plan!$C:$C,'Shipment '!H70) -> 0 | R70: =SUMIFS(Plan!$J:$J,Plan!$C:$C,'Shipment '!H70) -> 0 | S70: =SUMIFS(Plan!$K:$K,Plan!$C:$C,'Shipment '!H70) -> 0 | U70: =SUM(M70:T70) -> 0 | V70: =+L70+U70 -> 0 | W70: =+V70-J70 -> 0
E71: =IFERROR(VLOOKUP(H71,Infor!B:F,4,0),) -> 0 | F71: =IFERROR(VLOOKUP(H71,Infor!B:F,5,0),) -> 0 | J71: =SUM(I71) -> 0 | L71: =SUMIFS(Stock!$F:$F,Stock!$D:$D,'Shipment '!H71) -> 0 | N71: =SUMIFS(Plan!$F:$F,Plan!$C:$C,'Shipment '!H71) -> 0 | O71: =SUMIFS(Plan!$G:$G,Plan!$C:$C,'Shipment '!H71) -> 0 | P71: =SUMIFS(Plan!$H:$H,Plan!$C:$C,'Shipment '!H71) -> 0 | Q71: =SUMIFS(Plan!$I:$I,Plan!$C:$C,'Shipment '!H71) -> 0 | R71: =SUMIFS(Plan!$J:$J,Plan!$C:$C,'Shipment '!H71) -> 0 | S71: =SUMIFS(Plan!$K:$K,Plan!$C:$C,'Shipment '!H71) -> 0 | U71: =SUM(M71:T71) -> 0 | V71: =+L71+U71 -> 0 | W71: =+V71-J71 -> 0
E72: =IFERROR(VLOOKUP(H72,Infor!B:F,4,0),) -> 0 | F72: =IFERROR(VLOOKUP(H72,Infor!B:F,5,0),) -> 0 | J72: =SUM(I72) -> 0 | L72: =SUMIFS(Stock!$F:$F,Stock!$D:$D,'Shipment '!H72) -> 0 | N72: =SUMIFS(Plan!$F:$F,Plan!$C:$C,'Shipment '!H72) -> 0 | O72: =SUMIFS(Plan!$G:$G,Plan!$C:$C,'Shipment '!H72) -> 0 | P72: =SUMIFS(Plan!$H:$H,Plan!$C:$C,'Shipment '!H72) -> 0 | Q72: =SUMIFS(Plan!$I:$I,Plan!$C:$C,'Shipment '!H72) -> 0 | R72: =SUMIFS(Plan!$J:$J,Plan!$C:$C,'Shipment '!H72) -> 0 | S72: =SUMIFS(Plan!$K:$K,Plan!$C:$C,'Shipment '!H72) -> 0 | U72: =SUM(M72:T72) -> 0 | V72: =+L72+U72 -> 0 | W72: =+V72-J72 -> 0

Sheet Shipment Rev
I1: =SUM(I4:I56) -> 181987 | J1: =SUM(J4:J51) -> 181987 | L1: =SUM(L4:L72) -> 84917 | M1: =SUM(M4:M47) -> 0 | N1: =SUM(N4:N47) -> 0 | O1: =SUM(O4:O45) -> 0 | P1: =SUM(P4:P45) -> 0 | Q1: =SUM(Q4:Q45) -> 0 | R1: =SUM(R4:R72) -> 19754 | S1: =SUM(S4:S72) -> 12170 | T1: =SUM(T4:T72) -> 34200 | U1: =SUM(U4:U72) -> 31520 | V1: =SUM(V4:V72) -> 20400 | W1: =SUM(W4:W72) -> 20700 | X1: =SUM(X4:X72) -> 19500 | Y1: =SUM(Y4:Y72) -> 13350 | ... AB1: =SUM(AB4:AB72) -> 60244
B2: Cus | C2: Cut off Cargo | D2: HQ Request | E2: Inch | F2: Model | G2: BNCode | H2: 3in1Code(FG) | I2: PO Remain | J2: TTL Ship | K2: GAP | L2: ="O/stock"&DAY(TODAY())&"/"&MONTH(TODAY()) -> O/stock15/6 | M2: Plan | Z2: TTL Plan | AA2: TTLstock | AB2: BALANCE
M3: 46181 | N3: =+M3+1 -> 46182 | O3: =+N3+1 -> 46183 | P3: =+O3+1 -> 46184 | Q3: =+P3+1 -> 46185 | R3: =+Q3+1 -> 46186 | S3: =+R3+1 -> 46187 | T3: =+S3+1 -> 46188 | U3: =+T3+1 -> 46189 | ... Y3: =+X3+1 -> 46193
B4: SIEL | C4: 46189 | D4: 46192 | E4: =IFERROR(VLOOKUP(H4,Infor!B:F,4,0),) -> 55" | F4: =IFERROR(VLOOKUP(H4,Infor!B:F,5,0),) -> L55E70NA_HVD | G4: BN44-01426B | H4: 0137556107CA | I4: 1500 | J4: =I4 -> 1500 | K4: =L4-I4 -> 39 | L4: =SUMIFS(Stock!$F:$F,Stock!$D:$D,'Shipment Rev'!H4) -> 1539 | M4: =SUMIFS(Plan!$E:$E,Plan!$C:$C,'Shipment Rev'!H4) -> 0 | N4: =SUMIFS(Plan!$F:$F,Plan!$C:$C,'Shipment Rev'!H4) -> 0 | Q4: =SUMIFS(Plan!$I:$I,Plan!$C:$C,'Shipment Rev'!H4) -> 0 | R4: =SUMIFS(Plan!$J:$J,Plan!$C:$C,'Shipment Rev'!H4) -> 0 | S4: =SUMIFS(Plan!$K:$K,Plan!$C:$C,'Shipment Rev'!H4) -> 0 | T4: =SUMIFS(Plan!L:L,Plan!$C:$C,'Shipment Rev'!H4) -> 0 | U4: =SUMIFS(Plan!$M:$M,Plan!$C:$C,H4) -> 0 | V4: =SUMIFS(Plan!$N:$N,Plan!$C:$C,H4) -> 0 | W4: =SUMIFS(Plan!O:O,Plan!$C:$C,'Shipment Rev'!H4) -> 0 | X4: =SUMIFS(Plan!P:P,Plan!$C:$C,'Shipment Rev'!H4) -> 0 | Y4: =SUMIFS(Plan!Q:Q,Plan!$C:$C,'Shipment Rev'!H4) -> 0 | Z4: =SUM(M4:Y4) -> 0 | AA4: =+L4+Z4 -> 1539 | AB4: =+AA4-J4 -> 39
B5: SIEL | C5: 46189 | D5: 46192 | E5: =IFERROR(VLOOKUP(H5,Infor!B:F,4,0),) -> 85" | F5: =IFERROR(VLOOKUP(H5,Infor!B:F,5,0),) -> L85E70NA_HVD | G5: BN44-01429A | H5: 0137850179CA | I5: 51 | J5: =SUM(I5:I7) -> 1208 | K5: =L5-I5 -> 3379 | L5: =SUMIFS(Stock!$F:$F,Stock!$D:$D,'Shipment Rev'!H5) -> 3430 | M5: =SUMIFS(Plan!$E:$E,Plan!$C:$C,'Shipment Rev'!H5) -> 0 | N5: =SUMIFS(Plan!$F:$F,Plan!$C:$C,'Shipment Rev'!H5) -> 0 | O5: =SUMIFS(Plan!$G:$G,Plan!$C:$C,'Shipment Rev'!H5) -> 0 | P5: =SUMIFS(Plan!$H:$H,Plan!$C:$C,'Shipment Rev'!H5) -> 0 | Q5: =SUMIFS(Plan!$I:$I,Plan!$C:$C,'Shipment Rev'!H5) -> 0 | R5: =SUMIFS(Plan!$J:$J,Plan!$C:$C,'Shipment Rev'!H5) -> 0 | S5: =SUMIFS(Plan!$K:$K,Plan!$C:$C,'Shipment Rev'!H5) -> 0 | T5: =SUMIFS(Plan!L:L,Plan!$C:$C,'Shipment Rev'!H5) -> 0 | U5: =SUMIFS(Plan!M:M,Plan!$C:$C,H5) -> 2000 | V5: =SUMIFS(Plan!N:N,Plan!$C:$C,H5) -> 0 | W5: =SUMIFS(Plan!O:O,Plan!$C:$C,'Shipment Rev'!H5) -> 0 | X5: =SUMIFS(Plan!P:P,Plan!$C:$C,'Shipment Rev'!H5) -> 0 | Y5: =SUMIFS(Plan!Q:Q,Plan!$C:$C,'Shipment Rev'!H5) -> 0 | Z5: =SUM(M5:Y7) -> 6000 | AA5: =+L5+Z5 -> 9430 | AB5: =AA5-J5 -> 8222
B6: SAMEX | C6: 46191 | D6: 46194 | E6: =IFERROR(VLOOKUP(H6,Infor!B:F,4,0),) -> 85" | F6: L85E70NA_HVD | G6: BN44-01429A | H6: 0137850179CA | I6: 963 | K6: =K5-I6 -> 2416 | N6: =SUMIFS(Plan!$F:$F,Plan!$C:$C,'Shipment Rev'!H6) -> 0 | O6: =SUMIFS(Plan!$G:$G,Plan!$C:$C,'Shipment Rev'!H6) -> 0 | P6: =SUMIFS(Plan!$H:$H,Plan!$C:$C,'Shipment Rev'!H9) -> 0 | Q6: =SUMIFS(Plan!$I:$I,Plan!$C:$C,'Shipment Rev'!H6) -> 0 | R6: =SUMIFS(Plan!$J:$J,Plan!$C:$C,'Shipment Rev'!H6) -> 0 | S6: =SUMIFS(Plan!$K:$K,Plan!$C:$C,'Shipment Rev'!H6) -> 0 | T6: =SUMIFS(Plan!L:L,Plan!$C:$C,'Shipment Rev'!H6) -> 0 | U6: =SUMIFS(Plan!M:M,Plan!$C:$C,H6) -> 2000 | V6: =SUMIFS(Plan!N:N,Plan!$C:$C,H6) -> 0 | W6: =SUMIFS(Plan!O:O,Plan!$C:$C,'Shipment Rev'!H6) -> 0 | X6: =SUMIFS(Plan!P:P,Plan!$C:$C,'Shipment Rev'!H6) -> 0 | Y6: =SUMIFS(Plan!Q:Q,Plan!$C:$C,'Shipment Rev'!H6) -> 0
B7: SEH (PD) | C7: 46189 | D7: 46191 | E7: =IFERROR(VLOOKUP(H7,Infor!B:F,4,0),) -> 85" | F7: L85E70NA_HVD | G7: BN44-01429A | H7: 0137850179CA | I7: 194 | K7: =K6-I7 -> 2222 | M7: =SUMIFS(Plan!$E:$E,Plan!$C:$C,'Shipment Rev'!H7) -> 0 | N7: =SUMIFS(Plan!$F:$F,Plan!$C:$C,'Shipment Rev'!H7) -> 0 | Q7: =SUMIFS(Plan!$I:$I,Plan!$C:$C,'Shipment Rev'!H7) -> 0 | R7: =SUMIFS(Plan!$J:$J,Plan!$C:$C,'Shipment Rev'!H7) -> 0 | S7: =SUMIFS(Plan!$K:$K,Plan!$C:$C,'Shipment Rev'!H7) -> 0 | T7: =SUMIFS(Plan!L:L,Plan!$C:$C,'Shipment Rev'!H7) -> 0 | U7: =SUMIFS(Plan!M:M,Plan!$C:$C,H7) -> 2000 | V7: =SUMIFS(Plan!N:N,Plan!$C:$C,H7) -> 0 | W7: =SUMIFS(Plan!O:O,Plan!$C:$C,'Shipment Rev'!H7) -> 0 | X7: =SUMIFS(Plan!P:P,Plan!$C:$C,'Shipment Rev'!H7) -> 0 | Y7: =SUMIFS(Plan!Q:Q,Plan!$C:$C,'Shipment Rev'!H7) -> 0
B8: SIEL | C8: 46189 | D8: 46192 | E8: =IFERROR(VLOOKUP(H8,Infor!B:F,4,0),) -> 65" | F8: =IFERROR(VLOOKUP(H8,Infor!B:F,5,0),) -> L65S8N_HVD | G8: BN44-01433B | H8: 0137650517CA | I8: 297 | J8: =SUM(I8:I9) -> 3286 | K8: =L8-I8 -> 1549 | L8: =SUMIFS(Stock!$F:$F,Stock!$D:$D,'Shipment Rev'!H8) -> 1846 | N8: =SUMIFS(Plan!$F:$F,Plan!$C:$C,'Shipment Rev'!H8) -> 0 | O8: =SUMIFS(Plan!$G:$G,Plan!$C:$C,'Shipment Rev'!H8) -> 0 | P8: =SUMIFS(Plan!$H:$H,Plan!$C:$C,'Shipment Rev'!H8) -> 0 | Q8: =SUMIFS(Plan!$I:$I,Plan!$C:$C,'Shipment Rev'!H8) -> 0 | R8: =SUMIFS(Plan!$J:$J,Plan!$C:$C,'Shipment Rev'!H8) -> 0 | S8: =SUMIFS(Plan!$K:$K,Plan!$C:$C,'Shipment Rev'!H8) -> 0 | T8: =SUMIFS(Plan!L:L,Plan!$C:$C,'Shipment Rev'!H8) -> 2000 | U8: =SUMIFS(Plan!M:M,Plan!$C:$C,H8) -> 0 | V8: =SUMIFS(Plan!N:N,Plan!$C:$C,H8) -> 0 | W8: =SUMIFS(Plan!O:O,Plan!$C:$C,'Shipment Rev'!H8) -> 0 | X8: =SUMIFS(Plan!P:P,Plan!$C:$C,'Shipment Rev'!H8) -> 0 | Y8: =SUMIFS(Plan!Q:Q,Plan!$C:$C,'Shipment Rev'!H8) -> 0 | Z8: =SUM(M8:Y8) -> 2000 | AA8: =+L8+Z8 -> 3846 | AB8: =AA8-J8 -> 560
B9: SEEG | C9: 6/20 | D9: 46195 | E9: =IFERROR(VLOOKUP(H9,Infor!B:F,4,0),) -> 65" | F9: L65S8N_HVD | G9: BN44-01433B | H9: 0137650517CA | I9: 2989 | K9: =K8-I9 -> -1440 | Q9: =SUMIFS(Plan!$I:$I,Plan!$C:$C,'Shipment Rev'!H9) -> 0
B10: SIEL | C10: 46189 | D10: 46192 | E10: =IFERROR(VLOOKUP(H10,Infor!B:F,4,0),) -> 65" | F10: =IFERROR(VLOOKUP(H10,Infor!B:F,5,0),) -> L65FE8N_HHS | G10: BN44-01441A | H10: 0137650521CA | I10: 36 | J10: =SUM(I10:I12) -> 4570 | K10: =L10-I10 -> 1570 | L10: =SUMIFS(Stock!$F:$F,Stock!$D:$D,'Shipment Rev'!H10) -> 1606 | Q10: =SUMIFS(Plan!$I:$I,Plan!$C:$C,'Shipment Rev'!H10) -> 0 | R10: =SUMIFS(Plan!$J:$J,Plan!$C:$C,'Shipment Rev'!H10) -> 1340 | S10: =SUMIFS(Plan!$K:$K,Plan!$C:$C,'Shipment Rev'!H10) -> 0 | T10: =SUMIFS(Plan!L:L,Plan!$C:$C,'Shipment Rev'!H10) -> 1700 | U10: =SUMIFS(Plan!M:M,Plan!$C:$C,H10) -> 300 | V10: =SUMIFS(Plan!N:N,Plan!$C:$C,H10) -> 0 | W10: =SUMIFS(Plan!O:O,Plan!$C:$C,'Shipment Rev'!H10) -> 0 | X10: =SUMIFS(Plan!P:P,Plan!$C:$C,'Shipment Rev'!H10) -> 0 | Y10: =SUMIFS(Plan!Q:Q,Plan!$C:$C,'Shipment Rev'!H10) -> 0 | Z10: =SUM(M10:Y10) -> 3340 | AA10: =+L10+Z10 -> 4946 | AB10: =AA10-J10 -> 376
B11: SEEG | C11: 6/20 | D11: 46195 | E11: =IFERROR(VLOOKUP(H11,Infor!B:F,4,0),) -> 65" | F11: L65FE8N_HHS | G11: BN44-01441A | H11: 0137650521CA | I11: 34 | K11: =K10-I11 -> 1536 | M11: =SUMIFS(Plan!$E:$E,Plan!$C:$C,'Shipment Rev'!H11) -> 0 | N11: =SUMIFS(Plan!$F:$F,Plan!$C:$C,'Shipment Rev'!H11) -> 0 | O11: =SUMIFS(Plan!$G:$G,Plan!$C:$C,'Shipment Rev'!#REF!) -> 0 | P11: =SUMIFS(Plan!$H:$H,Plan!$C:$C,'Shipment Rev'!H26) -> 0 | Q11: =SUMIFS(Plan!$I:$I,Plan!$C:$C,'Shipment Rev'!H11) -> 0 | R11: =SUMIFS(Plan!$J:$J,Plan!$C:$C,'Shipment Rev'!H11) -> 1340 | S11: =SUMIFS(Plan!$K:$K,Plan!$C:$C,'Shipment Rev'!H11) -> 0 | T11: =SUMIFS(Plan!L:L,Plan!$C:$C,'Shipment Rev'!H11) -> 1700 | U11: =SUMIFS(Plan!M:M,Plan!$C:$C,H11) -> 300 | V11: =SUMIFS(Plan!N:N,Plan!$C:$C,H11) -> 0 | W11: =SUMIFS(Plan!O:O,Plan!$C:$C,'Shipment Rev'!H11) -> 0 | X11: =SUMIFS(Plan!P:P,Plan!$C:$C,'Shipment Rev'!H11) -> 0 | Y11: =SUMIFS(Plan!Q:Q,Plan!$C:$C,'Shipment Rev'!H11) -> 0
B12: SAMEX | C12: 6/20 | D12: 46196 | E12: =IFERROR(VLOOKUP(H12,Infor!B:F,4,0),) -> 65" | F12: L65FE8N_HHS | G12: BN44-01441A | H12: 0137650521CA | I12: 4500 | K12: =K11-I12 -> -2964 | M12: =SUMIFS(Plan!$E:$E,Plan!$C:$C,'Shipment Rev'!H12) -> 0 | N12: =SUMIFS(Plan!$F:$F,Plan!$C:$C,'Shipment Rev'!H12) -> 0 | O12: =SUMIFS(Plan!$G:$G,Plan!$C:$C,'Shipment Rev'!H12) -> 0 | P12: =SUMIFS(Plan!$H:$H,Plan!$C:$C,'Shipment Rev'!H12) -> 0 | Q12: =SUMIFS(Plan!$I:$I,Plan!$C:$C,'Shipment Rev'!H12) -> 0 | R12: =SUMIFS(Plan!$J:$J,Plan!$C:$C,'Shipment Rev'!H12) -> 1340 | S12: =SUMIFS(Plan!$K:$K,Plan!$C:$C,'Shipment Rev'!H12) -> 0 | T12: =SUMIFS(Plan!L:L,Plan!$C:$C,'Shipment Rev'!H12) -> 1700 | U12: =SUMIFS(Plan!M:M,Plan!$C:$C,H12) -> 300 | V12: =SUMIFS(Plan!N:N,Plan!$C:$C,H12) -> 0 | W12: =SUMIFS(Plan!O:O,Plan!$C:$C,'Shipment Rev'!H12) -> 0 | X12: =SUMIFS(Plan!P:P,Plan!$C:$C,'Shipment Rev'!H12) -> 0 | Y12: =SUMIFS(Plan!Q:Q,Plan!$C:$C,'Shipment Rev'!H12) -> 0
B13: SAMEX | C13: 46191 | D13: 46194 | E13: =IFERROR(VLOOKUP(H13,Infor!B:F,4,0),) -> 65" | F13: =IFERROR(VLOOKUP(H13,Infor!B:F,5,0),) -> L65S7A_HVD | G13: BN44-01421B | H13: 0137650505CA | I13: 20469 | J13: =SUM(I13:I14) -> 38769 | K13: =L13-I13 -> -9021 | L13: =SUMIFS(Stock!$F:$F,Stock!$D:$D,'Shipment Rev'!H13) -> 11448 | Q13: =SUMIFS(Plan!$I:$I,Plan!$C:$C,'Shipment Rev'!H13) -> 0 | R13: =SUMIFS(Plan!$J:$J,Plan!$C:$C,'Shipment Rev'!H13) -> 7360 | S13: =SUMIFS(Plan!$K:$K,Plan!$C:$C,'Shipment Rev'!H13) -> 6622 | T13: =SUMIFS(Plan!L:L,Plan!$C:$C,'Shipment Rev'!H13) -> 0 | U13: =SUMIFS(Plan!M:M,Plan!$C:$C,H13) -> 0 | V13: =SUMIFS(Plan!N:N,Plan!$C:$C,H13) -> 0 | W13: =SUMIFS(Plan!O:O,Plan!$C:$C,'Shipment Rev'!H13) -> 0 | X13: =SUMIFS(Plan!P:P,Plan!$C:$C,'Shipment Rev'!H13) -> 0 | Y13: =SUMIFS(Plan!Q:Q,Plan!$C:$C,'Shipment Rev'!H13) -> 0 | Z13: =SUM(M13:Y13) -> 13982 | AA13: =+L13+Z13 -> 25430 | AB13: =AA13-J13 -> -13339
B14: SAMEX | C14: 6/20 | D14: 46196 | E14: =IFERROR(VLOOKUP(H14,Infor!B:F,4,0),) -> 65" | F14: L65S7A_HVD | G14: BN44-01421B | H14: 0137650505CA | I14: 18300 | K14: =K13-I14 -> -27321 | M14: =SUMIFS(Plan!$E:$E,Plan!$C:$C,'Shipment Rev'!H14) -> 0 | N14: =SUMIFS(Plan!$F:$F,Plan!$C:$C,'Shipment Rev'!H14) -> 0 | O14: =SUMIFS(Plan!$G:$G,Plan!$C:$C,'Shipment Rev'!H14) -> 0 | P14: =SUMIFS(Plan!$H:$H,Plan!$C:$C,'Shipment Rev'!H14) -> 0 | Q14: =SUMIFS(Plan!$I:$I,Plan!$C:$C,'Shipment Rev'!H14) -> 0
B15: SAMEX | C15: 46191 | D15: 46194 | E15: =IFERROR(VLOOKUP(H15,Infor!B:F,4,0),) -> 55" | F15: =IFERROR(VLOOKUP(H15,Infor!B:F,5,0),) -> L55E70A_HVD | G15: BN44-01426A | H15: 0137556092CA | I15: 3600 | J15: =SUM(I15:I20) -> 7514 | K15: =L15-I15 -> 4007 | L15: =SUMIFS(Stock!$F:$F,Stock!$D:$D,'Shipment Rev'!H15) -> 7607 | M15: =SUMIFS(Plan!$E:$E,Plan!$C:$C,'Shipment Rev'!H15) -> 0 | N15: =SUMIFS(Plan!$F:$F,Plan!$C:$C,'Shipment Rev'!H15) -> 0 | O15: =SUMIFS(Plan!$G:$G,Plan!$C:$C,'Shipment Rev'!H15) -> 0 | P15: =SUMIFS(Plan!$H:$H,Plan!$C:$C,'Shipment Rev'!H15) -> 0 | Q15: =SUMIFS(Plan!$I:$I,Plan!$C:$C,'Shipment Rev'!H15) -> 0 | R15: =SUMIFS(Plan!$J:$J,Plan!$C:$C,'Shipment Rev'!H15) -> 0 | S15: =SUMIFS(Plan!$K:$K,Plan!$C:$C,'Shipment Rev'!H15) -> 0 | T15: =SUMIFS(Plan!L:L,Plan!$C:$C,'Shipment Rev'!H15) -> 0 | U15: =SUMIFS(Plan!M:M,Plan!$C:$C,H15) -> 0 | V15: =SUMIFS(Plan!N:N,Plan!$C:$C,H15) -> 2400 | W15: =SUMIFS(Plan!O:O,Plan!$C:$C,'Shipment Rev'!H15) -> 0 | X15: =SUMIFS(Plan!P:P,Plan!$C:$C,'Shipment Rev'!H15) -> 0 | Y15: =SUMIFS(Plan!Q:Q,Plan!$C:$C,'Shipment Rev'!H15) -> 0 | Z15: =SUM(M15:Y20) -> 2400 | AA15: =+L15+Z15 -> 10007 | AB15: =AA15-J15 -> 2493
B16: SAMEX | C16: 46191 | D16: 46194 | E16: =IFERROR(VLOOKUP(H16,Infor!B:F,4,0),) -> 55" | F16: L55E70A_HVD | G16: BN44-01426A | H16: 0137556092CA | I16: 1400 | K16: =K15-I16 -> 2607 | O16: =SUMIFS(Plan!$G:$G,Plan!$C:$C,'Shipment Rev'!H16) -> 0 | P16: =SUMIFS(Plan!$H:$H,Plan!$C:$C,'Shipment Rev'!H16) -> 0 | Q16: =SUMIFS(Plan!$I:$I,Plan!$C:$C,'Shipment Rev'!H16) -> 0
B17: SEH (PD) | C17: 46189 | D17: 46191 | E17: =IFERROR(VLOOKUP(H17,Infor!B:F,4,0),) -> 55" | F17: L55E70A_HVD | G17: BN44-01426A | H17: 0137556092CA | I17: 336 | K17: =K16-I17 -> 2271 | M17: =SUMIFS(Plan!$E:$E,Plan!$C:$C,'Shipment Rev'!H17) -> 0 | N17: =SUMIFS(Plan!$F:$F,Plan!$C:$C,'Shipment Rev'!H17) -> 0 | O17: =SUMIFS(Plan!$G:$G,Plan!$C:$C,'Shipment Rev'!H17) -> 0 | P17: =SUMIFS(Plan!$H:$H,Plan!$C:$C,'Shipment Rev'!H17) -> 0 | Q17: =SUMIFS(Plan!$I:$I,Plan!$C:$C,'Shipment Rev'!H17) -> 0
B18: SEEG | C18: 6/20 | D18: 46195 | E18: =IFERROR(VLOOKUP(H18,Infor!B:F,4,0),) -> 55" | F18: L55E70A_HVD | G18: BN44-01426A | H18: 0137556092CA | I18: 708 | K18: =K17-I18 -> 1563 | O18: =SUMIFS(Plan!$G:$G,Plan!$C:$C,'Shipment Rev'!H18) -> 0 | P18: =SUMIFS(Plan!$H:$H,Plan!$C:$C,'Shipment Rev'!H18) -> 0 | Q18: =SUMIFS(Plan!$I:$I,Plan!$C:$C,'Shipment Rev'!H18) -> 0
B19: SAMEX | C19: 6/20 | D19: 46196 | E19: =IFERROR(VLOOKUP(H19,Infor!B:F,4,0),) -> 55" | F19: L55E70A_HVD | G19: BN44-01426A | H19: 0137556092CA | I19: 1400 | K19: =K18-I19 -> 163 | M19: =SUMIFS(Plan!$E:$E,Plan!$C:$C,'Shipment Rev'!H19) -> 0 | N19: =SUMIFS(Plan!$F:$F,Plan!$C:$C,'Shipment Rev'!H19) -> 0 | O19: =SUMIFS(Plan!$G:$G,Plan!$C:$C,'Shipment Rev'!H19) -> 0 | P19: =SUMIFS(Plan!$H:$H,Plan!$C:$C,'Shipment Rev'!H19) -> 0 | Q19: =SUMIFS(Plan!$I:$I,Plan!$C:$C,'Shipment Rev'!H19) -> 0
B20: SEDA | C20: 6/20 | D20: 46197 | E20: =IFERROR(VLOOKUP(H20,Infor!B:F,4,0),) -> 55" | F20: L55E70A_HVD | G20: BN44-01426A | H20: 0137556092CA | I20: 70 | K20: =K19-I20 -> 93 | M20: =SUMIFS(Plan!$E:$E,Plan!$C:$C,'Shipment Rev'!H20) -> 0 | N20: =SUMIFS(Plan!$F:$F,Plan!$C:$C,'Shipment Rev'!H20) -> 0 | O20: =SUMIFS(Plan!$G:$G,Plan!$C:$C,'Shipment Rev'!H20) -> 0 | P20: =SUMIFS(Plan!$H:$H,Plan!$C:$C,'Shipment Rev'!H20) -> 0 | Q20: =SUMIFS(Plan!$I:$I,Plan!$C:$C,'Shipment Rev'!H20) -> 0
B21: SAMEX | C21: 46191 | D21: 46194 | E21: =IFERROR(VLOOKUP(H21,Infor!B:F,4,0),) -> 55" | F21: =IFERROR(VLOOKUP(H21,Infor!B:F,5,0),) -> L55CA9N_HVD | G21: BN44-01395A | H21: 0137556089CA | I21: 4870 | J21: =SUM(I21:I23) -> 9600 | K21: =L21-I21 -> -2794 | L21: =SUMIFS(Stock!$F:$F,Stock!$D:$D,'Shipment Rev'!H21) -> 2076 | M21: =SUMIFS(Plan!$E:$E,Plan!$C:$C,'Shipment Rev'!H21) -> 0 | N21: =SUMIFS(Plan!$F:$F,Plan!$C:$C,'Shipment Rev'!H21) -> 0 | Q21: =SUMIFS(Plan!$I:$I,Plan!$C:$C,'Shipment Rev'!H21) -> 0 | R21: =SUMIFS(Plan!$J:$J,Plan!$C:$C,'Shipment Rev'!H21) -> 0 | S21: =SUMIFS(Plan!$K:$K,Plan!$C:$C,'Shipment Rev'!H21) -> 1174 | T21: =SUMIFS(Plan!L:L,Plan!$C:$C,'Shipment Rev'!H21) -> 0 | U21: =SUMIFS(Plan!M:M,Plan!$C:$C,H21) -> 0 | V21: =SUMIFS(Plan!N:N,Plan!$C:$C,H21) -> 2000 | W21: =SUMIFS(Plan!O:O,Plan!$C:$C,'Shipment Rev'!H21) -> 2700 | X21: =SUMIFS(Plan!P:P,Plan!$C:$C,'Shipment Rev'!H21) -> 2700 | Y21: =SUMIFS(Plan!Q:Q,Plan!$C:$C,'Shipment Rev'!H21) -> 2700 | Z21: =SUM(R21:Y23) -> 11274 | AA21: =+L21+Z21 -> 13350 | AB21: =AA21-J21 -> 3750
B22: SAMEX | C22: 6/20 | D22: 46196 | E22: =IFERROR(VLOOKUP(H22,Infor!B:F,4,0),) -> 55" | F22: L55CA9N_HVD | G22: BN44-01395A | H22: 0137556089CA | I22: 1878 | K22: =K21-I22 -> -4672 | O22: =SUMIFS(Plan!$G:$G,Plan!$C:$C,'Shipment Rev'!H22) -> 0 | P22: =SUMIFS(Plan!$H:$H,Plan!$C:$C,'Shipment Rev'!H22) -> 0 | Q22: =SUMIFS(Plan!$I:$I,Plan!$C:$C,'Shipment Rev'!H22) -> 0
B23: SAMEX | C23: 6/20 | D23: 46196 | E23: =IFERROR(VLOOKUP(H23,Infor!B:F,4,0),) -> 55" | F23: L55CA9N_HVD | G23: BN44-01395A | H23: 0137556089CA | I23: 2852 | K23: =K22-I23 -> -7524 | M23: =SUMIFS(Plan!$E:$E,Plan!$C:$C,'Shipment Rev'!H23) -> 0 | N23: =SUMIFS(Plan!$F:$F,Plan!$C:$C,'Shipment Rev'!H23) -> 0
B24: SAMEX | C24: 46191 | D24: 46194 | E24: =IFERROR(VLOOKUP(H24,Infor!B:F,4,0),) -> 65" | F24: =IFERROR(VLOOKUP(H24,Infor!B:F,5,0),) -> L65CA9N_HVD | G24: BN44-01396A | H24: 0137650478CA | I24: 5000 | J24: =SUM(I24:I27) -> 17642 | K24: =L24-I24 -> 1788 | L24: =SUMIFS(Stock!$F:$F,Stock!$D:$D,'Shipment Rev'!H24) -> 6788 | M24: =SUMIFS(Plan!$E:$E,Plan!$C:$C,'Shipment Rev'!H24) -> 0 | N24: =SUMIFS(Plan!$F:$F,Plan!$C:$C,'Shipment Rev'!H24) -> 0 | Q24: =SUMIFS(Plan!$I:$I,Plan!$C:$C,'Shipment Rev'!H24) -> 0 | R24: =SUMIFS(Plan!$J:$J,Plan!$C:$C,'Shipment Rev'!H24) -> 2680 | S24: =SUMIFS(Plan!$K:$K,Plan!$C:$C,'Shipment Rev'!H24) -> 2074 | T24: =SUMIFS(Plan!L:L,Plan!$C:$C,'Shipment Rev'!H24) -> 2700 | U24: =SUMIFS(Plan!M:M,Plan!$C:$C,H24) -> 2700 | V24: =SUMIFS(Plan!N:N,Plan!$C:$C,H24) -> 2700 | W24: =SUMIFS(Plan!O:O,Plan!$C:$C,'Shipment Rev'!H24) -> 2700 | X24: =SUMIFS(Plan!P:P,Plan!$C:$C,'Shipment Rev'!H24) -> 2700 | Y24: =SUMIFS(Plan!Q:Q,Plan!$C:$C,'Shipment Rev'!H24) -> 1050 | Z24: =SUM(R24:Y27) -> 19304 | AA24: =+L24+Z24 -> 26092 | AB24: =AA24-J24 -> 8450
B25: SEH (PD) | C25: 46189 | D25: 46191 | E25: =IFERROR(VLOOKUP(H25,Infor!B:F,4,0),) -> 65" | F25: L65CA9N_HVD | G25: BN44-01396A | H25: 0137650478CA | I25: 908 | K25: =K24-I25 -> 880 | Q25: =SUMIFS(Plan!$I:$I,Plan!$C:$C,'Shipment Rev'!H25) -> 0
B26: SEEG | C26: 6/20 | D26: 46195 | E26: =IFERROR(VLOOKUP(H26,Infor!B:F,4,0),) -> 65" | F26: L65CA9N_HVD | G26: BN44-01396A | H26: 0137650478CA | I26: 34 | K26: =K25-I26 -> 846 | N26: =SUMIFS(Plan!$F:$F,Plan!$C:$C,'Shipment Rev'!#REF!) -> 0 | Q26: =SUMIFS(Plan!$I:$I,Plan!$C:$C,'Shipment Rev'!H26) -> 0
B27: SAMEX | C27: 6/20 | D27: 46196 | E27: =IFERROR(VLOOKUP(H27,Infor!B:F,4,0),) -> 65" | F27: L65CA9N_HVD | G27: BN44-01396A | H27: 0137650478CA | I27: 11700 | K27: =K26-I27 -> -10854 | M27: =SUMIFS(Plan!$E:$E,Plan!$C:$C,'Shipment Rev'!H27) -> 0 | N27: =SUMIFS(Plan!$F:$F,Plan!$C:$C,'Shipment Rev'!H27) -> 0 | O27: =SUMIFS(Plan!$G:$G,Plan!$C:$C,'Shipment Rev'!H27) -> 0 | P27: =SUMIFS(Plan!$H:$H,Plan!$C:$C,'Shipment Rev'!H27) -> 0 | Q27: =SUMIFS(Plan!$I:$I,Plan!$C:$C,'Shipment Rev'!H27) -> 0
B28: SAMEX | C28: 46191 | D28: 46194 | E28: =IFERROR(VLOOKUP(H28,Infor!B:F,4,0),) -> 75" | F28: =IFERROR(VLOOKUP(H28,Infor!B:F,5,0),) -> L75S7A_HVD | G28: BN44-01422B | H28: 0137750275CA | I28: 2496 | J28: =SUM(I28:I29) -> 3496 | K28: =L28-I28 -> -2468 | L28: =SUMIFS(Stock!$F:$F,Stock!$D:$D,'Shipment Rev'!H28) -> 28 | M28: =SUMIFS(Plan!$E:$E,Plan!$C:$C,'Shipment Rev'!H28) -> 0 | N28: =SUMIFS(Plan!$F:$F,Plan!$C:$C,'Shipment Rev'!H28) -> 0 | O28: =SUMIFS(Plan!$G:$G,Plan!$C:$C,'Shipment Rev'!H28) -> 0 | P28: =SUMIFS(Plan!$H:$H,Plan!$C:$C,'Shipment Rev'!H28) -> 0 | Q28: =SUMIFS(Plan!$I:$I,Plan!$C:$C,'Shipment Rev'!H28) -> 0 | R28: =SUMIFS(Plan!$J:$J,Plan!$C:$C,'Shipment Rev'!H28) -> 0 | S28: =SUMIFS(Plan!$K:$K,Plan!$C:$C,'Shipment Rev'!H28) -> 0 | T28: =SUMIFS(Plan!L:L,Plan!$C:$C,'Shipment Rev'!H28) -> 5500 | U28: =SUMIFS(Plan!M:M,Plan!$C:$C,H28) -> 2100 | V28: =SUMIFS(Plan!N:N,Plan!$C:$C,H28) -> 0 | W28: =SUMIFS(Plan!O:O,Plan!$C:$C,'Shipment Rev'!H28) -> 0 | X28: =SUMIFS(Plan!P:P,Plan!$C:$C,'Shipment Rev'!H28) -> 0 | Y28: =SUMIFS(Plan!Q:Q,Plan!$C:$C,'Shipment Rev'!H28) -> 0 | Z28: =SUM(M28:Y28) -> 7600 | AA28: =+L28+Z28 -> 7628 | AB28: =AA28-J28 -> 4132
B29: SAMEX | C29: 6/20 | D29: 46196 | E29: =IFERROR(VLOOKUP(H29,Infor!B:F,4,0),) -> 75" | F29: L75S7A_HVD | G29: BN44-01422B | H29: 0137750275CA | I29: 1000 | K29: =K28-I29 -> -3468 | N29: =SUMIFS(Plan!$F:$F,Plan!$C:$C,'Shipment Rev'!H29) -> 0 | O29: =SUMIFS(Plan!$G:$G,Plan!$C:$C,'Shipment Rev'!H29) -> 0 | P29: =SUMIFS(Plan!$H:$H,Plan!$C:$C,'Shipment Rev'!H29) -> 0 | Q29: =SUMIFS(Plan!$I:$I,Plan!$C:$C,'Shipment Rev'!H29) -> 0 | R29: =SUMIFS(Plan!$J:$J,Plan!$C:$C,'Shipment Rev'!H29) -> 0 | S29: =SUMIFS(Plan!$K:$K,Plan!$C:$C,'Shipment Rev'!H29) -> 0 | T29: =SUMIFS(Plan!L:L,Plan!$C:$C,'Shipment Rev'!H29) -> 5500 | U29: =SUMIFS(Plan!M:M,Plan!$C:$C,H29) -> 2100 | V29: =SUMIFS(Plan!N:N,Plan!$C:$C,H29) -> 0 | W29: =SUMIFS(Plan!O:O,Plan!$C:$C,'Shipment Rev'!H29) -> 0 | X29: =SUMIFS(Plan!P:P,Plan!$C:$C,'Shipment Rev'!H29) -> 0 | Y29: =SUMIFS(Plan!Q:Q,Plan!$C:$C,'Shipment Rev'!H29) -> 0
B30: SEH (PD) | C30: 46189 | D30: 46191 | E30: =IFERROR(VLOOKUP(H30,Infor!B:F,4,0),) -> 48" | F30: =IFERROR(VLOOKUP(H30,Infor!B:F,5,0),) -> L48CA9N_HVD | G30: BN44-01394A | H30: 0137480160CA | I30: 2000 | J30: =SUM(I30:I32) -> 7116 | K30: =L30-I30 -> 7434 | L30: =SUMIFS(Stock!$F:$F,Stock!$D:$D,'Shipment Rev'!H30) -> 9434 | N30: =SUMIFS(Plan!$F:$F,Plan!$C:$C,'Shipment Rev'!H30) -> 0 | O30: =SUMIFS(Plan!$G:$G,Plan!$C:$C,'Shipment Rev'!H30) -> 0 | P30: =SUMIFS(Plan!$H:$H,Plan!$C:$C,'Shipment Rev'!H30) -> 0 | Q30: =SUMIFS(Plan!$I:$I,Plan!$C:$C,'Shipment Rev'!H30) -> 0 | R30: =SUMIFS(Plan!$J:$J,Plan!$C:$C,'Shipment Rev'!H30) -> 156 | S30: =SUMIFS(Plan!$K:$K,Plan!$C:$C,'Shipment Rev'!H30) -> 0 | T30: =SUMIFS(Plan!L:L,Plan!$C:$C,'Shipment Rev'!H30) -> 0 | U30: =SUMIFS(Plan!M:M,Plan!$C:$C,H30) -> 0 | V30: =SUMIFS(Plan!N:N,Plan!$C:$C,H30) -> 0 | W30: =SUMIFS(Plan!O:O,Plan!$C:$C,'Shipment Rev'!H30) -> 0 | X30: =SUMIFS(Plan!P:P,Plan!$C:$C,'Shipment Rev'!H30) -> 0 | Y30: =SUMIFS(Plan!Q:Q,Plan!$C:$C,'Shipment Rev'!H30) -> 0 | Z30: =SUM(R30:Y32) -> 156 | AA30: =+L30+Z30 -> 9590 | AB30: =AA30-J30 -> 2474
B31: SEEG | C31: 6/20 | D31: 46195 | E31: =IFERROR(VLOOKUP(H31,Infor!B:F,4,0),) -> 48" | F31: L48CA9N_HVD | G31: BN44-01394A | H31: 0137480160CA | I31: 40 | K31: =K30-I31 -> 7394 | M31: =SUMIFS(Plan!$E:$E,Plan!$C:$C,'Shipment Rev'!H31) -> 0 | N31: =SUMIFS(Plan!$F:$F,Plan!$C:$C,'Shipment Rev'!H16) -> 0 | Q31: =SUMIFS(Plan!$I:$I,Plan!$C:$C,'Shipment Rev'!H31) -> 0 | S31: =SUMIFS(Plan!$K:$K,Plan!$C:$C,'Shipment Rev'!H31) -> 0 | T31: =SUMIFS(Plan!L:L,Plan!$C:$C,'Shipment Rev'!H31) -> 0 | U31: =SUMIFS(Plan!M:M,Plan!$C:$C,H31) -> 0 | V31: =SUMIFS(Plan!N:N,Plan!$C:$C,H31) -> 0 | W31: =SUMIFS(Plan!O:O,Plan!$C:$C,'Shipment Rev'!H31) -> 0 | X31: =SUMIFS(Plan!P:P,Plan!$C:$C,'Shipment Rev'!H31) -> 0 | Y31: =SUMIFS(Plan!Q:Q,Plan!$C:$C,'Shipment Rev'!H31) -> 0
B32: SAMEX | C32: 6/20 | D32: 46196 | E32: =IFERROR(VLOOKUP(H32,Infor!B:F,4,0),) -> 48" | F32: L48CA9N_HVD | G32: BN44-01394A | H32: 0137480160CA | I32: 5076 | K32: =K31-I32 -> 2318 | M32: =SUMIFS(Plan!$E:$E,Plan!$C:$C,'Shipment Rev'!H32) -> 0 | N32: =SUMIFS(Plan!$F:$F,Plan!$C:$C,'Shipment Rev'!H32) -> 0 | S32: =SUMIFS(Plan!$K:$K,Plan!$C:$C,'Shipment Rev'!H32) -> 0 | T32: =SUMIFS(Plan!L:L,Plan!$C:$C,'Shipment Rev'!H32) -> 0 | U32: =SUMIFS(Plan!M:M,Plan!$C:$C,H32) -> 0 | V32: =SUMIFS(Plan!N:N,Plan!$C:$C,H32) -> 0 | W32: =SUMIFS(Plan!O:O,Plan!$C:$C,'Shipment Rev'!H32) -> 0 | X32: =SUMIFS(Plan!P:P,Plan!$C:$C,'Shipment Rev'!H32) -> 0 | Y32: =SUMIFS(Plan!Q:Q,Plan!$C:$C,'Shipment Rev'!H32) -> 0
B33: SEEG | C33: 6/20 | D33: 46195 | E33: =IFERROR(VLOOKUP(H33,Infor!B:F,4,0),) -> 65" | F33: =IFERROR(VLOOKUP(H33,Infor!B:F,5,0),) -> L65S7_HVD | G33: BN44-01421A | H33: 0137650504CA | I33: 900 | J33: =SUM(I33:I35) -> 29600 | K33: =L33-I33 -> 7164 | L33: =SUMIFS(Stock!$F:$F,Stock!$D:$D,'Shipment Rev'!H33) -> 8064 | M33: =SUMIFS(Plan!$E:$E,Plan!$C:$C,'Shipment Rev'!H33) -> 0 | N33: =SUMIFS(Plan!$F:$F,Plan!$C:$C,'Shipment Rev'!H33) -> 0 | O33: =SUMIFS(Plan!$G:$G,Plan!$C:$C,'Shipment Rev'!H33) -> 0 | P33: =SUMIFS(Plan!$H:$H,Plan!$C:$C,'Shipment Rev'!H33) -> 0 | Q33: =SUMIFS(Plan!$I:$I,Plan!$C:$C,'Shipment Rev'!H33) -> 0 | R33: =SUMIFS(Plan!$J:$J,Plan!$C:$C,'Shipment Rev'!H33) -> 0 | S33: =SUMIFS(Plan!$K:$K,Plan!$C:$C,'Shipment Rev'!H33) -> 0 | T33: =SUMIFS(Plan!L:L,Plan!$C:$C,'Shipment Rev'!H33) -> 5500 | U33: =SUMIFS(Plan!M:M,Plan!$C:$C,H33) -> 5500 | V33: =SUMIFS(Plan!N:N,Plan!$C:$C,H33) -> 2800 | W33: =SUMIFS(Plan!O:O,Plan!$C:$C,'Shipment Rev'!H33) -> 5500 | X33: =SUMIFS(Plan!P:P,Plan!$C:$C,'Shipment Rev'!H33) -> 7200 | Y33: =SUMIFS(Plan!Q:Q,Plan!$C:$C,'Shipment Rev'!H33) -> 4400 | Z33: =SUM(M33:Y35) -> 30900 | AA33: =+L33+Z33 -> 38964 | AB33: =AA33-J33 -> 9364
B34: SAMEX | C34: 6/20 | D34: 46196 | E34: =IFERROR(VLOOKUP(H34,Infor!B:F,4,0),) -> 65" | F34: L65S7_HVD | G34: BN44-01421A | H34: 0137650504CA | I34: 15200 | K34: =K33-I34 -> -8036 | N34: =SUMIFS(Plan!$F:$F,Plan!$C:$C,'Shipment Rev'!H34) -> 0 | O34: =SUMIFS(Plan!$G:$G,Plan!$C:$C,'Shipment Rev'!H34) -> 0 | P34: =SUMIFS(Plan!$H:$H,Plan!$C:$C,'Shipment Rev'!H34) -> 0 | Q34: =SUMIFS(Plan!$I:$I,Plan!$C:$C,'Shipment Rev'!H34) -> 0
B35: SEDA | C35: 6/20 | D35: 46197 | E35: =IFERROR(VLOOKUP(H35,Infor!B:F,4,0),) -> 65" | F35: L65S7_HVD | G35: BN44-01421A | H35: 0137650504CA | I35: 13500 | K35: =K34-I35 -> -21536 | N35: =SUMIFS(Plan!$F:$F,Plan!$C:$C,'Shipment Rev'!H35) -> 0 | O35: =SUMIFS(Plan!$G:$G,Plan!$C:$C,'Shipment Rev'!H35) -> 0 | P35: =SUMIFS(Plan!$H:$H,Plan!$C:$C,'Shipment Rev'!H35) -> 0 | Q35: =SUMIFS(Plan!$I:$I,Plan!$C:$C,'Shipment Rev'!H35) -> 0
B36: SEEG | C36: 6/20 | D36: 46195 | E36: =IFERROR(VLOOKUP(H36,Infor!B:F,4,0),) -> 75" | F36: =IFERROR(VLOOKUP(H36,Infor!B:F,5,0),) -> L75S7N_HVD | G36: BN44-01422C | H36: 0137750276CA | I36: 1584 | J36: =I36 -> 1584 | K36: =L36-I36 -> 1866 | L36: =SUMIFS(Stock!$F:$F,Stock!$D:$D,'Shipment Rev'!H36) -> 3450 | M36: =SUMIFS(Plan!$E:$E,Plan!$C:$C,'Shipment Rev'!H36) -> 0 | N36: =SUMIFS(Plan!$F:$F,Plan!$C:$C,'Shipment Rev'!H36) -> 0 | O36: =SUMIFS(Plan!$G:$G,Plan!$C:$C,'Shipment Rev'!H36) -> 0 | P36: =SUMIFS(Plan!$H:$H,Plan!$C:$C,'Shipment Rev'!H36) -> 0 | Q36: =SUMIFS(Plan!$I:$I,Plan!$C:$C,'Shipment Rev'!H36) -> 0 | R36: =SUMIFS(Plan!$J:$J,Plan!$C:$C,'Shipment Rev'!H36) -> 0 | S36: =SUMIFS(Plan!$K:$K,Plan!$C:$C,'Shipment Rev'!H36) -> 0 | T36: =SUMIFS(Plan!L:L,Plan!$C:$C,'Shipment Rev'!H36) -> 0 | U36: =SUMIFS(Plan!M:M,Plan!$C:$C,H36) -> 2300 | V36: =SUMIFS(Plan!N:N,Plan!$C:$C,H36) -> 700 | W36: =SUMIFS(Plan!O:O,Plan!$C:$C,'Shipment Rev'!H36) -> 0 | X36: =SUMIFS(Plan!P:P,Plan!$C:$C,'Shipment Rev'!H36) -> 0 | Y36: =SUMIFS(Plan!Q:Q,Plan!$C:$C,'Shipment Rev'!H36) -> 0 | Z36: =SUM(M36:Y36) -> 3000 | AA36: =+L36+Z36 -> 6450 | AB36: =AA36-J36 -> 4866
B37: SEEG | C37: 6/20 | D37: 46195 | E37: =IFERROR(VLOOKUP(H37,Infor!B:F,4,0),) -> 85" | F37: =IFERROR(VLOOKUP(H37,Infor!B:F,5,0),) -> L85E70NA_HVD | G37: BN44-01429A | H37: 0137850179CA | I37: 510 | J37: =SUM(I37:I39) -> 2237 | K37: =L37-I37 -> 2920 | L37: =SUMIFS(Stock!$F:$F,Stock!$D:$D,'Shipment Rev'!H37) -> 3430 | O37: =SUMIFS(Plan!$G:$G,Plan!$C:$C,'Shipment Rev'!H7) -> 0 | P37: =SUMIFS(Plan!$H:$H,Plan!$C:$C,'Shipment Rev'!H7) -> 0 | Q37: =SUMIFS(Plan!$I:$I,Plan!$C:$C,'Shipment Rev'!H37) -> 0 | R37: =SUMIFS(Plan!$J:$J,Plan!$C:$C,'Shipment Rev'!H37) -> 0 | S37: =SUMIFS(Plan!$K:$K,Plan!$C:$C,'Shipment Rev'!H37) -> 0 | T37: =SUMIFS(Plan!L:L,Plan!$C:$C,'Shipment Rev'!H37) -> 0 | U37: =SUMIFS(Plan!M:M,Plan!$C:$C,H37) -> 2000 | V37: =SUMIFS(Plan!N:N,Plan!$C:$C,H37) -> 0 | W37: =SUMIFS(Plan!O:O,Plan!$C:$C,'Shipment Rev'!H37) -> 0 | X37: =SUMIFS(Plan!P:P,Plan!$C:$C,'Shipment Rev'!H37) -> 0 | Y37: =SUMIFS(Plan!Q:Q,Plan!$C:$C,'Shipment Rev'!H37) -> 0 | Z37: =SUM(R37:Y39) -> 2000 | AA37: =+L37+Z37 -> 5430 | AB37: =AA37-J37 -> 3193
B38: SAMEX | C38: 6/20 | D38: 46196 | E38: =IFERROR(VLOOKUP(H38,Infor!B:F,4,0),) -> 85" | F38: L85E70NA_HVD | G38: BN44-01429A | H38: 0137850179CA | I38: 826 | K38: =K37-I38 -> 2094 | N38: =SUMIFS(Plan!$F:$F,Plan!$C:$C,'Shipment Rev'!H38) -> 0 | O38: =SUMIFS(Plan!$G:$G,Plan!$C:$C,'Shipment Rev'!H38) -> 0 | P38: =SUMIFS(Plan!$H:$H,Plan!$C:$C,'Shipment Rev'!H38) -> 0 | Q38: =SUMIFS(Plan!$I:$I,Plan!$C:$C,'Shipment Rev'!H38) -> 0
B39: SEDA | C39: 6/20 | D39: 46197 | E39: =IFERROR(VLOOKUP(H39,Infor!B:F,4,0),) -> 85" | F39: L85E70NA_HVD | G39: BN44-01429A | H39: 0137850179CA | I39: 901 | K39: =K38-I39 -> 1193 | N39: =SUMIFS(Plan!$F:$F,Plan!$C:$C,'Shipment Rev'!H39) -> 0 | O39: =SUMIFS(Plan!$G:$G,Plan!$C:$C,'Shipment Rev'!H39) -> 0 | P39: =SUMIFS(Plan!$H:$H,Plan!$C:$C,'Shipment Rev'!H39) -> 0 | Q39: =SUMIFS(Plan!$I:$I,Plan!$C:$C,'Shipment Rev'!H39) -> 0
B40: SAMEX | C40: 6/20 | D40: 46196 | E40: =IFERROR(VLOOKUP(H40,Infor!B:F,4,0),) -> 75" | F40: =IFERROR(VLOOKUP(H40,Infor!B:F,5,0),) -> L75S7_HVD | G40: BN44-01422A | H40: 0137750274CA | I40: 5200 | J40: =SUM(I40:I41) -> 10200 | K40: =L40-I40 -> -778 | L40: =SUMIFS(Stock!$F:$F,Stock!$D:$D,'Shipment Rev'!H40) -> 4422 | M40: =SUMIFS(Plan!$E:$E,Plan!$C:$C,'Shipment Rev'!H40) -> 0 | N40: =SUMIFS(Plan!$F:$F,Plan!$C:$C,'Shipment Rev'!H40) -> 0 | O40: =SUMIFS(Plan!$G:$G,Plan!$C:$C,'Shipment Rev'!H40) -> 0 | P40: =SUMIFS(Plan!$H:$H,Plan!$C:$C,'Shipment Rev'!H40) -> 0 | Q40: =SUMIFS(Plan!$I:$I,Plan!$C:$C,'Shipment Rev'!H40) -> 0 | R40: =SUMIFS(Plan!$J:$J,Plan!$C:$C,'Shipment Rev'!H40) -> 0 | S40: =SUMIFS(Plan!$K:$K,Plan!$C:$C,'Shipment Rev'!H40) -> 0 | T40: =SUMIFS(Plan!L:L,Plan!$C:$C,'Shipment Rev'!H40) -> 0 | U40: =SUMIFS(Plan!M:M,Plan!$C:$C,H40) -> 0 | V40: =SUMIFS(Plan!N:N,Plan!$C:$C,H40) -> 4700 | W40: =SUMIFS(Plan!O:O,Plan!$C:$C,'Shipment Rev'!H40) -> 5500 | X40: =SUMIFS(Plan!P:P,Plan!$C:$C,'Shipment Rev'!H40) -> 3700 | Y40: =SUMIFS(Plan!Q:Q,Plan!$C:$C,'Shipment Rev'!H40) -> 0 | Z40: =SUM(R40:Y41) -> 13900 | AA40: =+L40+Z40 -> 18322 | AB40: =AA40-J40 -> 8122
B41: SEDA | C41: 6/20 | D41: 46197 | E41: =IFERROR(VLOOKUP(H41,Infor!B:F,4,0),) -> 75" | F41: L75S7_HVD | G41: BN44-01422A | H41: 0137750274CA | I41: 5000 | K41: =K40-I41 -> -5778 | M41: =SUMIFS(Plan!$E:$E,Plan!$C:$C,'Shipment Rev'!H41) -> 0 | N41: =SUMIFS(Plan!$F:$F,Plan!$C:$C,'Shipment Rev'!H41) -> 0 | O41: =SUMIFS(Plan!$G:$G,Plan!$C:$C,'Shipment Rev'!H41) -> 0 | P41: =SUMIFS(Plan!$H:$H,Plan!$C:$C,'Shipment Rev'!H41) -> 0 | Q41: =SUMIFS(Plan!$I:$I,Plan!$C:$C,'Shipment Rev'!H41) -> 0
B42: SAMEX | C42: 6/20 | D42: 46196 | E42: =IFERROR(VLOOKUP(H42,Infor!B:F,4,0),) -> 65" | F42: =IFERROR(VLOOKUP(H42,Infor!B:F,5,0),) -> L65E70A_HVD | G42: BN44-01427A | H42: 0137650511CA | I42: 9288 | J42: =SUM(I42:I43) -> 11376 | K42: =L42-I42 -> 5135 | L42: =SUMIFS(Stock!$F:$F,Stock!$D:$D,'Shipment Rev'!H42) -> 14423 | M42: =SUMIFS(Plan!$E:$E,Plan!$C:$C,'Shipment Rev'!H42) -> 0 | N42: =SUMIFS(Plan!$F:$F,Plan!$C:$C,'Shipment Rev'!H42) -> 0 | O42: =SUMIFS(Plan!$G:$G,Plan!$C:$C,'Shipment Rev'!H42) -> 0 | P42: =SUMIFS(Plan!$H:$H,Plan!$C:$C,'Shipment Rev'!H42) -> 0 | Q42: =SUMIFS(Plan!$I:$I,Plan!$C:$C,'Shipment Rev'!H42) -> 0 | R42: =SUMIFS(Plan!$J:$J,Plan!$C:$C,'Shipment Rev'!H42) -> 1462 | S42: =SUMIFS(Plan!$K:$K,Plan!$C:$C,'Shipment Rev'!H42) -> 0 | T42: =SUMIFS(Plan!L:L,Plan!$C:$C,'Shipment Rev'!H42) -> 3900 | U42: =SUMIFS(Plan!M:M,Plan!$C:$C,H42) -> 3900 | V42: =SUMIFS(Plan!N:N,Plan!$C:$C,H42) -> 1200 | W42: =SUMIFS(Plan!O:O,Plan!$C:$C,'Shipment Rev'!H42) -> 0 | X42: =SUMIFS(Plan!P:P,Plan!$C:$C,'Shipment Rev'!H42) -> 0 | Y42: =SUMIFS(Plan!Q:Q,Plan!$C:$C,'Shipment Rev'!H42) -> 0 | Z42: =SUM(R42:Y43) -> 10462 | AA42: =+L42+Z42 -> 24885 | AB42: =+AA42-J42 -> 13509
B43: SEDA | C43: 6/20 | D43: 46197 | E43: =IFERROR(VLOOKUP(H43,Infor!B:F,4,0),) -> 65" | F43: L65E70A_HVD | G43: BN44-01427A | H43: 0137650511CA | I43: 2088 | K43: =K42-I43 -> 3047 | N43: =SUMIFS(Plan!$F:$F,Plan!$C:$C,'Shipment Rev'!H43) -> 0 | O43: =SUMIFS(Plan!$G:$G,Plan!$C:$C,'Shipment Rev'!H43) -> 0 | P43: =SUMIFS(Plan!$H:$H,Plan!$C:$C,'Shipment Rev'!H43) -> 0 | Q43: =SUMIFS(Plan!$I:$I,Plan!$C:$C,'Shipment Rev'!H43) -> 0
B44: SAMEX | C44: 6/20 | D44: 46196 | E44: =IFERROR(VLOOKUP(H44,Infor!B:F,4,0),) -> 83" | F44: =IFERROR(VLOOKUP(H44,Infor!B:F,5,0),) -> L83CA9N_HVD | G44: BN44-01398A | H44: 0137830051CA | I44: 900 | J44: =I44 -> 900 | K44: =L44-I44 -> -813 | L44: =SUMIFS(Stock!$F:$F,Stock!$D:$D,'Shipment Rev'!H44) -> 87 | M44: =SUMIFS(Plan!$E:$E,Plan!$C:$C,'Shipment Rev'!H44) -> 0 | N44: =SUMIFS(Plan!$F:$F,Plan!$C:$C,'Shipment Rev'!H44) -> 0 | O44: =SUMIFS(Plan!$G:$G,Plan!$C:$C,'Shipment Rev'!H44) -> 0 | P44: =SUMIFS(Plan!$H:$H,Plan!$C:$C,'Shipment Rev'!H44) -> 0 | Q44: =SUMIFS(Plan!$I:$I,Plan!$C:$C,'Shipment Rev'!H44) -> 0 | R44: =SUMIFS(Plan!$J:$J,Plan!$C:$C,'Shipment Rev'!H44) -> 1413 | S44: =SUMIFS(Plan!$K:$K,Plan!$C:$C,'Shipment Rev'!H44) -> 0 | T44: =SUMIFS(Plan!L:L,Plan!$C:$C,'Shipment Rev'!H44) -> 0 | U44: =SUMIFS(Plan!M:M,Plan!$C:$C,H44) -> 0 | V44: =SUMIFS(Plan!N:N,Plan!$C:$C,H44) -> 0 | W44: =SUMIFS(Plan!O:O,Plan!$C:$C,'Shipment Rev'!H44) -> 0 | X44: =SUMIFS(Plan!P:P,Plan!$C:$C,'Shipment Rev'!H44) -> 0 | Y44: =SUMIFS(Plan!Q:Q,Plan!$C:$C,'Shipment Rev'!H44) -> 0 | Z44: =SUM(M44:Y44) -> 1413 | AA44: =+L44+Z44 -> 1500 | AB44: =AA44-J44 -> 600
B45: SAMEX | C45: 6/20 | D45: 46196 | E45: =IFERROR(VLOOKUP(H45,Infor!B:F,4,0),) -> 43" | F45: =IFERROR(VLOOKUP(H45,Infor!B:F,5,0),) -> L43E60A_HVD | G45: BN44-01424A | H45: 0137430033CA | I45: 3408 | J45: =I45 -> 3408 | K45: =L45-I45 -> 642 | L45: =SUMIFS(Stock!$F:$F,Stock!$D:$D,'Shipment Rev'!H45) -> 4050 | M45: =SUMIFS(Plan!$E:$E,Plan!$C:$C,'Shipment Rev'!H45) -> 0 | N45: =SUMIFS(Plan!$F:$F,Plan!$C:$C,'Shipment Rev'!H45) -> 0 | O45: =SUMIFS(Plan!$G:$G,Plan!$C:$C,'Shipment Rev'!H45) -> 0 | P45: =SUMIFS(Plan!$H:$H,Plan!$C:$C,'Shipment Rev'!H45) -> 0 | Q45: =SUMIFS(Plan!$I:$I,Plan!$C:$C,'Shipment Rev'!H45) -> 0 | R45: =SUMIFS(Plan!$J:$J,Plan!$C:$C,'Shipment Rev'!H45) -> 0 | S45: =SUMIFS(Plan!$K:$K,Plan!$C:$C,'Shipment Rev'!H45) -> 0 | T45: =SUMIFS(Plan!L:L,Plan!$C:$C,'Shipment Rev'!H45) -> 0 | U45: =SUMIFS(Plan!M:M,Plan!$C:$C,H45) -> 0 | V45: =SUMIFS(Plan!N:N,Plan!$C:$C,H45) -> 0 | W45: =SUMIFS(Plan!O:O,Plan!$C:$C,'Shipment Rev'!H45) -> 0 | X45: =SUMIFS(Plan!P:P,Plan!$C:$C,'Shipment Rev'!H45) -> 0 | Y45: =SUMIFS(Plan!Q:Q,Plan!$C:$C,'Shipment Rev'!H45) -> 1600 | Z45: =SUM(M45:Y45) -> 1600 | AA45: =+L45+Z45 -> 5650 | AB45: =AA45-J45 -> 2242
B46: SAMEX | C46: 6/20 | D46: 46196 | E46: =IFERROR(VLOOKUP(H46,Infor!B:F,4,0),) -> 55" | F46: =IFERROR(VLOOKUP(H46,Infor!B:F,5,0),) -> L55F70NA_HHS | G46: BN44-01438A | H46: 0137556101CA | I46: 5425 | J46: =I46 -> 5425 | K46: =L46-I46 -> -4788 | L46: =SUMIFS(Stock!$F:$F,Stock!$D:$D,'Shipment Rev'!H46) -> 637 | M46: =SUMIFS(Plan!$E:$E,Plan!$C:$C,'Shipment Rev'!H46) -> 0 | N46: =SUMIFS(Plan!$F:$F,Plan!$C:$C,'Shipment Rev'!H46) -> 0 | O46: =SUMIFS(Plan!$G:$G,Plan!$C:$C,'Shipment Rev'!H46) -> 0 | P46: =SUMIFS(Plan!$H:$H,Plan!$C:$C,'Shipment Rev'!H46) -> 0 | Q46: =SUMIFS(Plan!$I:$I,Plan!$C:$C,'Shipment Rev'!H46) -> 0 | R46: =SUMIFS(Plan!$J:$J,Plan!$C:$C,'Shipment Rev'!H46) -> 2663 | S46: =SUMIFS(Plan!$K:$K,Plan!$C:$C,'Shipment Rev'!H46) -> 2300 | T46: =SUMIFS(Plan!L:L,Plan!$C:$C,'Shipment Rev'!H46) -> 0 | U46: =SUMIFS(Plan!M:M,Plan!$C:$C,H46) -> 0 | V46: =SUMIFS(Plan!N:N,Plan!$C:$C,H46) -> 0 | W46: =SUMIFS(Plan!O:O,Plan!$C:$C,'Shipment Rev'!H46) -> 0 | X46: =SUMIFS(Plan!P:P,Plan!$C:$C,'Shipment Rev'!H46) -> 0 | Y46: =SUMIFS(Plan!Q:Q,Plan!$C:$C,'Shipment Rev'!H46) -> 3600 | Z46: =SUM(M46:Y46) -> 8563 | AA46: =+L46+Z46 -> 9200 | AB46: =+AA46-J46 -> 3775
B47: SEH (3in1) | C47: 6/20 | D47: 46195 | E47: =IFERROR(VLOOKUP(H47,Infor!B:F,4,0),) -> 65" | F47: =IFERROR(VLOOKUP(H47,Infor!B:F,5,0),) -> U8000F | G47: BN96-62547D | H47: 0187650250CA | I47: 340 | J47: =I47 -> 340 | K47: =L47-I47 -> -340 | L47: =SUMIFS(Stock!$F:$F,Stock!$D:$D,'Shipment Rev'!H47) -> 0 | M47: =SUMIFS(Plan!$E:$E,Plan!$C:$C,'Shipment Rev'!H47) -> 0 | N47: =SUMIFS(Plan!$F:$F,Plan!$C:$C,'Shipment Rev'!H47) -> 0 | Q47: =SUMIFS(Plan!$I:$I,Plan!$C:$C,'Shipment Rev'!H47) -> 0 | R47: =SUMIFS(Plan!$J:$J,Plan!$C:$C,'Shipment Rev'!H47) -> 0 | S47: =SUMIFS(Plan!$K:$K,Plan!$C:$C,'Shipment Rev'!H47) -> 0 | T47: =SUMIFS(Plan!L:L,Plan!$C:$C,'Shipment Rev'!H47) -> 0 | U47: =SUMIFS(Plan!M:M,Plan!$C:$C,H47) -> 340 | V47: =SUMIFS(Plan!N:N,Plan!$C:$C,H47) -> 0 | W47: =SUMIFS(Plan!O:O,Plan!$C:$C,'Shipment Rev'!H47) -> 0 | X47: =SUMIFS(Plan!P:P,Plan!$C:$C,'Shipment Rev'!H47) -> 0 | Y47: =SUMIFS(Plan!Q:Q,Plan!$C:$C,'Shipment Rev'!H47) -> 0 | Z47: =SUM(M47:Y47) -> 340 | AA47: =+L47+Z47 -> 340 | AB47: =AA47-J47 -> 0
B48: SEH (3in1) | C48: 6/20 | D48: 46195 | E48: =IFERROR(VLOOKUP(H48,Infor!B:F,4,0),) -> 75" | F48: =IFERROR(VLOOKUP(H48,Infor!B:F,5,0),) -> U8000F | G48: BN96-62547C | H48: 0187750077CA | I48: 80 | J48: =I48 -> 80 | K48: =L48-I48 -> -80 | L48: =SUMIFS(Stock!$F:$F,Stock!$D:$D,'Shipment Rev'!H48) -> 0 | M48: =SUMIFS(Plan!$E:$E,Plan!$C:$C,'Shipment Rev'!H48) -> 0 | N48: =SUMIFS(Plan!$F:$F,Plan!$C:$C,'Shipment Rev'!H48) -> 0 | Q48: =SUMIFS(Plan!$I:$I,Plan!$C:$C,'Shipment Rev'!H48) -> 0 | R48: =SUMIFS(Plan!$J:$J,Plan!$C:$C,'Shipment Rev'!H48) -> 0 | S48: =SUMIFS(Plan!$K:$K,Plan!$C:$C,'Shipment Rev'!H48) -> 0 | T48: =SUMIFS(Plan!L:L,Plan!$C:$C,'Shipment Rev'!H48) -> 0 | U48: =SUMIFS(Plan!M:M,Plan!$C:$C,H48) -> 80 | V48: =SUMIFS(Plan!N:N,Plan!$C:$C,H48) -> 0 | W48: =SUMIFS(Plan!O:O,Plan!$C:$C,'Shipment Rev'!H48) -> 0 | X48: =SUMIFS(Plan!P:P,Plan!$C:$C,'Shipment Rev'!H48) -> 0 | Y48: =SUMIFS(Plan!Q:Q,Plan!$C:$C,'Shipment Rev'!H48) -> 0 | Z48: =SUM(M48:Y48) -> 80 | AA48: =+L48+Z48 -> 80 | AB48: =AA48-J48 -> 0
B49: SEH (3in1) | C49: 6/20 | D49: 46195 | E49: =IFERROR(VLOOKUP(H49,Infor!B:F,4,0),) -> 55" | F49: =IFERROR(VLOOKUP(H49,Infor!B:F,5,0),) -> U8000H | G49: BN96-64397X | H49: 0187550426CA | I49: 11000 | J49: =I49 -> 11000 | K49: =L49-I49 -> -11000 | L49: =SUMIFS(Stock!$F:$F,Stock!$D:$D,'Shipment Rev'!H49) -> 0 | N49: =SUMIFS(Plan!$F:$F,Plan!$C:$C,'Shipment Rev'!H49) -> 0 | Q49: =SUMIFS(Plan!$I:$I,Plan!$C:$C,'Shipment Rev'!H49) -> 0 | R49: =SUMIFS(Plan!$J:$J,Plan!$C:$C,'Shipment Rev'!H49) -> 0 | S49: =SUMIFS(Plan!$K:$K,Plan!$C:$C,'Shipment Rev'!H49) -> 0 | T49: =SUMIFS(Plan!L:L,Plan!$C:$C,'Shipment Rev'!H49) -> 0 | U49: =SUMIFS(Plan!M:M,Plan!$C:$C,H49) -> 3600 | V49: =SUMIFS(Plan!N:N,Plan!$C:$C,H49) -> 3900 | W49: =SUMIFS(Plan!O:O,Plan!$C:$C,'Shipment Rev'!H49) -> 4300 | X49: =SUMIFS(Plan!P:P,Plan!$C:$C,'Shipment Rev'!H49) -> 3200 | Y49: =SUMIFS(Plan!Q:Q,Plan!$C:$C,'Shipment Rev'!H49) -> 0 | Z49: =SUM(M49:Y49) -> 15000 | AA49: =+L49+Z49 -> 15000 | AB49: =AA49-J49 -> 4000
B50: SEH (3in1) | C50: 6/20 | D50: 46195 | E50: =IFERROR(VLOOKUP(H50,Infor!B:F,4,0),) -> 55" | F50: =IFERROR(VLOOKUP(H50,Infor!B:F,5,0),) -> M70H | G50: BN96-64398D | H50: 0187550437CA | I50: 11136 | J50: =I50 -> 11136 | K50: =L50-I50 -> -10584 | L50: =SUMIFS(Stock!$F:$F,Stock!$D:$D,'Shipment Rev'!H50) -> 552 | M50: =SUMIFS(Plan!$E:$E,Plan!$C:$C,'Shipment Rev'!H50) -> 0 | N50: =SUMIFS(Plan!$F:$F,Plan!$C:$C,'Shipment Rev'!H50) -> 0 | Q50: =SUMIFS(Plan!$I:$I,Plan!$C:$C,'Shipment Rev'!H50) -> 0 | R50: =SUMIFS(Plan!$J:$J,Plan!$C:$C,'Shipment Rev'!H50) -> 0 | S50: =SUMIFS(Plan!$K:$K,Plan!$C:$C,'Shipment Rev'!H50) -> 0 | T50: =SUMIFS(Plan!L:L,Plan!$C:$C,'Shipment Rev'!H50) -> 4000 | U50: =SUMIFS(Plan!M:M,Plan!$C:$C,H50) -> 0 | V50: =SUMIFS(Plan!N:N,Plan!$C:$C,H50) -> 0 | W50: =SUMIFS(Plan!O:O,Plan!$C:$C,'Shipment Rev'!H50) -> 0 | X50: =SUMIFS(Plan!P:P,Plan!$C:$C,'Shipment Rev'!H50) -> 0 | Y50: =SUMIFS(Plan!Q:Q,Plan!$C:$C,'Shipment Rev'!H50) -> 0 | Z50: =SUM(M50:Y50) -> 4000 | AA50: =+L50+Z50 -> 4552 | AB50: =AA50-J50 -> -6584
E51: =IFERROR(VLOOKUP(H51,Infor!B:F,4,0),) -> 0 | F51: =IFERROR(VLOOKUP(H51,Infor!B:F,5,0),) -> 0 | K51: =(L51+Q51+R51+S51)-I51 -> 0 | L51: 0 | O51: =SUMIFS(Plan!$G:$G,Plan!$C:$C,'Shipment Rev'!H51) -> 0 | P51: =SUMIFS(Plan!$H:$H,Plan!$C:$C,'Shipment Rev'!H51) -> 0 | Q51: =SUMIFS(Plan!$I:$I,Plan!$C:$C,'Shipment Rev'!H51) -> 0 | R51: =SUMIFS(Plan!$J:$J,Plan!$C:$C,'Shipment Rev'!H51) -> 0 | S51: =SUMIFS(Plan!$K:$K,Plan!$C:$C,'Shipment Rev'!H51) -> 0 | T51: =SUMIFS(Plan!L:L,Plan!$C:$C,'Shipment Rev'!H51) -> 0 | U51: =SUMIFS(Plan!M:M,Plan!$C:$C,H51) -> 0 | V51: =SUMIFS(Plan!N:N,Plan!$C:$C,H51) -> 0 | W51: =SUMIFS(Plan!O:O,Plan!$C:$C,'Shipment Rev'!H51) -> 0 | X51: =SUMIFS(Plan!P:P,Plan!$C:$C,'Shipment Rev'!H51) -> 0 | Y51: =SUMIFS(Plan!Q:Q,Plan!$C:$C,'Shipment Rev'!H51) -> 0 | Z51: =SUM(M51:Y51) -> 0 | AA51: =+L51+Z51 -> 0 | AB51: =AA51-J51 -> 0
E52: =IFERROR(VLOOKUP(H52,Infor!B:F,4,0),) -> 0 | F52: =IFERROR(VLOOKUP(H52,Infor!B:F,5,0),) -> 0 | L52: =SUMIFS(Stock!$F:$F,Stock!$D:$D,'Shipment Rev'!H52) -> 0 | M52: =SUMIFS(Plan!$E:$E,Plan!$C:$C,'Shipment Rev'!H52) -> 0 | N52: =SUMIFS(Plan!$F:$F,Plan!$C:$C,'Shipment Rev'!H52) -> 0 | R52: =SUMIFS(Plan!$J:$J,Plan!$C:$C,'Shipment Rev'!H52) -> 0 | S52: =SUMIFS(Plan!$K:$K,Plan!$C:$C,'Shipment Rev'!H52) -> 0 | T52: =SUMIFS(Plan!L:L,Plan!$C:$C,'Shipment Rev'!H52) -> 0 | U52: =SUMIFS(Plan!M:M,Plan!$C:$C,H52) -> 0 | V52: =SUMIFS(Plan!N:N,Plan!$C:$C,H52) -> 0 | W52: =SUMIFS(Plan!O:O,Plan!$C:$C,'Shipment Rev'!H52) -> 0 | X52: =SUMIFS(Plan!P:P,Plan!$C:$C,'Shipment Rev'!H52) -> 0 | Y52: =SUMIFS(Plan!Q:Q,Plan!$C:$C,'Shipment Rev'!H52) -> 0 | Z52: =SUM(M52:Y52) -> 0 | AA52: =+L52+Z52 -> 0
E53: =IFERROR(VLOOKUP(H53,Infor!B:F,4,0),) -> 0 | F53: =IFERROR(VLOOKUP(H53,Infor!B:F,5,0),) -> 0 | L53: =SUMIFS(Stock!$F:$F,Stock!$D:$D,'Shipment Rev'!H53) -> 0 | O53: =SUMIFS(Plan!$G:$G,Plan!$C:$C,'Shipment Rev'!H53) -> 0 | P53: =SUMIFS(Plan!$H:$H,Plan!$C:$C,'Shipment Rev'!H53) -> 0 | Q53: =SUMIFS(Plan!$I:$I,Plan!$C:$C,'Shipment Rev'!H53) -> 0 | R53: =SUMIFS(Plan!$J:$J,Plan!$C:$C,'Shipment Rev'!H53) -> 0 | S53: =SUMIFS(Plan!$K:$K,Plan!$C:$C,'Shipment Rev'!H53) -> 0 | T53: =SUMIFS(Plan!L:L,Plan!$C:$C,'Shipment Rev'!H53) -> 0 | U53: =SUMIFS(Plan!M:M,Plan!$C:$C,H53) -> 0 | V53: =SUMIFS(Plan!N:N,Plan!$C:$C,H53) -> 0 | W53: =SUMIFS(Plan!O:O,Plan!$C:$C,'Shipment Rev'!H53) -> 0 | X53: =SUMIFS(Plan!P:P,Plan!$C:$C,'Shipment Rev'!H53) -> 0 | Y53: =SUMIFS(Plan!Q:Q,Plan!$C:$C,'Shipment Rev'!H53) -> 0 | Z53: =SUM(M53:Y53) -> 0 | AA53: =+L53+Z53 -> 0 | AB53: =AA53-J53 -> 0
E54: =IFERROR(VLOOKUP(H54,Infor!B:F,4,0),) -> 0 | F54: =IFERROR(VLOOKUP(H54,Infor!B:F,5,0),) -> 0 | M54: =SUMIFS(Plan!$E:$E,Plan!$C:$C,'Shipment Rev'!H54) -> 0 | N54: =SUMIFS(Plan!$F:$F,Plan!$C:$C,'Shipment Rev'!H54) -> 0 | R54: =SUMIFS(Plan!$J:$J,Plan!$C:$C,'Shipment Rev'!H54) -> 0 | S54: =SUMIFS(Plan!$K:$K,Plan!$C:$C,'Shipment Rev'!H54) -> 0 | T54: =SUMIFS(Plan!L:L,Plan!$C:$C,'Shipment Rev'!H54) -> 0 | U54: =SUMIFS(Plan!M:M,Plan!$C:$C,H54) -> 0 | V54: =SUMIFS(Plan!N:N,Plan!$C:$C,H54) -> 0 | W54: =SUMIFS(Plan!O:O,Plan!$C:$C,'Shipment Rev'!H54) -> 0 | X54: =SUMIFS(Plan!P:P,Plan!$C:$C,'Shipment Rev'!H54) -> 0 | Y54: =SUMIFS(Plan!Q:Q,Plan!$C:$C,'Shipment Rev'!H54) -> 0 | Z54: =SUM(M54:Y54) -> 0 | AB54: =AA54-J54 -> 0
E55: =IFERROR(VLOOKUP(H55,Infor!B:F,4,0),) -> 0 | F55: =IFERROR(VLOOKUP(H55,Infor!B:F,5,0),) -> 0 | L55: =SUMIFS(Stock!$F:$F,Stock!$D:$D,'Shipment Rev'!H55) -> 0 | M55: =SUMIFS(Plan!$E:$E,Plan!$C:$C,'Shipment Rev'!H55) -> 0 | N55: =SUMIFS(Plan!$F:$F,Plan!$C:$C,'Shipment Rev'!H55) -> 0 | O55: =SUMIFS(Plan!$G:$G,Plan!$C:$C,'Shipment Rev'!H55) -> 0 | P55: =SUMIFS(Plan!$H:$H,Plan!$C:$C,'Shipment Rev'!H55) -> 0 | Q55: =SUMIFS(Plan!$I:$I,Plan!$C:$C,'Shipment Rev'!H55) -> 0 | R55: =SUMIFS(Plan!$J:$J,Plan!$C:$C,'Shipment Rev'!H55) -> 0 | S55: =SUMIFS(Plan!$K:$K,Plan!$C:$C,'Shipment Rev'!H55) -> 0 | T55: =SUMIFS(Plan!L:L,Plan!$C:$C,'Shipment Rev'!H55) -> 0 | U55: =SUMIFS(Plan!M:M,Plan!$C:$C,H55) -> 0 | V55: =SUMIFS(Plan!N:N,Plan!$C:$C,H55) -> 0 | W55: =SUMIFS(Plan!O:O,Plan!$C:$C,'Shipment Rev'!H55) -> 0 | X55: =SUMIFS(Plan!P:P,Plan!$C:$C,'Shipment Rev'!H55) -> 0 | Y55: =SUMIFS(Plan!Q:Q,Plan!$C:$C,'Shipment Rev'!H55) -> 0 | Z55: =SUM(M55:Y55) -> 0 | AA55: =+L55+Z55 -> 0 | AB55: =AA55-J55 -> 0
E56: =IFERROR(VLOOKUP(H56,Infor!B:F,4,0),) -> 0 | F56: =IFERROR(VLOOKUP(H56,Infor!B:F,5,0),) -> 0 | L56: =SUMIFS(Stock!$F:$F,Stock!$D:$D,'Shipment Rev'!H56) -> 0 | M56: =SUMIFS(Plan!$E:$E,Plan!$C:$C,'Shipment Rev'!H56) -> 0 | N56: =SUMIFS(Plan!$F:$F,Plan!$C:$C,'Shipment Rev'!H56) -> 0 | O56: =SUMIFS(Plan!$G:$G,Plan!$C:$C,'Shipment Rev'!H56) -> 0 | P56: =SUMIFS(Plan!$H:$H,Plan!$C:$C,'Shipment Rev'!H56) -> 0 | Q56: =SUMIFS(Plan!$I:$I,Plan!$C:$C,'Shipment Rev'!H56) -> 0 | R56: =SUMIFS(Plan!$J:$J,Plan!$C:$C,'Shipment Rev'!H56) -> 0 | S56: =SUMIFS(Plan!$K:$K,Plan!$C:$C,'Shipment Rev'!H56) -> 0 | T56: =SUMIFS(Plan!L:L,Plan!$C:$C,'Shipment Rev'!H56) -> 0 | U56: =SUMIFS(Plan!M:M,Plan!$C:$C,H56) -> 0 | V56: =SUMIFS(Plan!N:N,Plan!$C:$C,H56) -> 0 | W56: =SUMIFS(Plan!O:O,Plan!$C:$C,'Shipment Rev'!H56) -> 0 | X56: =SUMIFS(Plan!P:P,Plan!$C:$C,'Shipment Rev'!H56) -> 0 | Y56: =SUMIFS(Plan!Q:Q,Plan!$C:$C,'Shipment Rev'!H56) -> 0 | Z56: =SUM(M56:Y56) -> 0 | AA56: =+L56+Z56 -> 0 | AB56: =AA56-J56 -> 0
E57: =IFERROR(VLOOKUP(H57,Infor!B:F,4,0),) -> 0 | F57: =IFERROR(VLOOKUP(H57,Infor!B:F,5,0),) -> 0 | L57: =SUMIFS(Stock!$F:$F,Stock!$D:$D,'Shipment Rev'!H57) -> 0 | N57: =SUMIFS(Plan!$F:$F,Plan!$C:$C,'Shipment Rev'!H57) -> 0 | O57: =SUMIFS(Plan!$G:$G,Plan!$C:$C,'Shipment Rev'!H57) -> 0 | P57: =SUMIFS(Plan!$H:$H,Plan!$C:$C,'Shipment Rev'!H57) -> 0 | Q57: =SUMIFS(Plan!$I:$I,Plan!$C:$C,'Shipment Rev'!H57) -> 0 | R57: =SUMIFS(Plan!$J:$J,Plan!$C:$C,'Shipment Rev'!H57) -> 0 | S57: =SUMIFS(Plan!$K:$K,Plan!$C:$C,'Shipment Rev'!H57) -> 0 | T57: =SUMIFS(Plan!L:L,Plan!$C:$C,'Shipment Rev'!H57) -> 0 | U57: =SUMIFS(Plan!M:M,Plan!$C:$C,H57) -> 0 | V57: =SUMIFS(Plan!N:N,Plan!$C:$C,H57) -> 0 | W57: =SUMIFS(Plan!O:O,Plan!$C:$C,'Shipment Rev'!H57) -> 0 | X57: =SUMIFS(Plan!P:P,Plan!$C:$C,'Shipment Rev'!H57) -> 0 | Y57: =SUMIFS(Plan!Q:Q,Plan!$C:$C,'Shipment Rev'!H57) -> 0 | Z57: =SUM(M57:Y57) -> 0 | AA57: =+L57+Z57 -> 0 | AB57: =AA57-J57 -> 0
E58: =IFERROR(VLOOKUP(H58,Infor!B:F,4,0),) -> 0 | F58: =IFERROR(VLOOKUP(H58,Infor!B:F,5,0),) -> 0 | L58: =SUMIFS(Stock!$F:$F,Stock!$D:$D,'Shipment Rev'!H58) -> 0 | M58: =SUMIFS(Plan!$E:$E,Plan!$C:$C,'Shipment Rev'!H58) -> 0 | N58: =SUMIFS(Plan!$F:$F,Plan!$C:$C,'Shipment Rev'!H58) -> 0 | O58: =SUMIFS(Plan!$G:$G,Plan!$C:$C,'Shipment Rev'!H58) -> 0 | P58: =SUMIFS(Plan!$H:$H,Plan!$C:$C,'Shipment Rev'!H58) -> 0 | Q58: =SUMIFS(Plan!$I:$I,Plan!$C:$C,'Shipment Rev'!H58) -> 0 | R58: =SUMIFS(Plan!$J:$J,Plan!$C:$C,'Shipment Rev'!H58) -> 0 | S58: =SUMIFS(Plan!$K:$K,Plan!$C:$C,'Shipment Rev'!H58) -> 0 | T58: =SUMIFS(Plan!L:L,Plan!$C:$C,'Shipment Rev'!H58) -> 0 | U58: =SUMIFS(Plan!M:M,Plan!$C:$C,H58) -> 0 | V58: =SUMIFS(Plan!N:N,Plan!$C:$C,H58) -> 0 | W58: =SUMIFS(Plan!O:O,Plan!$C:$C,'Shipment Rev'!H58) -> 0 | X58: =SUMIFS(Plan!P:P,Plan!$C:$C,'Shipment Rev'!H58) -> 0 | Y58: =SUMIFS(Plan!Q:Q,Plan!$C:$C,'Shipment Rev'!H58) -> 0 | Z58: =SUM(M58:Y58) -> 0 | AA58: =+L58+Z58 -> 0 | AB58: =AA58-J58 -> 0
E59: =IFERROR(VLOOKUP(H59,Infor!B:F,4,0),) -> 0 | F59: =IFERROR(VLOOKUP(H59,Infor!B:F,5,0),) -> 0 | L59: =SUMIFS(Stock!$F:$F,Stock!$D:$D,'Shipment Rev'!H59) -> 0 | M59: =SUMIFS(Plan!$E:$E,Plan!$C:$C,'Shipment Rev'!H59) -> 0 | N59: =SUMIFS(Plan!$F:$F,Plan!$C:$C,'Shipment Rev'!H59) -> 0 | O59: =SUMIFS(Plan!$G:$G,Plan!$C:$C,'Shipment Rev'!H59) -> 0 | P59: =SUMIFS(Plan!$H:$H,Plan!$C:$C,'Shipment Rev'!H59) -> 0 | Q59: =SUMIFS(Plan!$I:$I,Plan!$C:$C,'Shipment Rev'!H59) -> 0 | R59: =SUMIFS(Plan!$J:$J,Plan!$C:$C,'Shipment Rev'!H59) -> 0 | S59: =SUMIFS(Plan!$K:$K,Plan!$C:$C,'Shipment Rev'!H59) -> 0 | T59: =SUMIFS(Plan!L:L,Plan!$C:$C,'Shipment Rev'!H59) -> 0 | U59: =SUMIFS(Plan!M:M,Plan!$C:$C,H59) -> 0 | V59: =SUMIFS(Plan!N:N,Plan!$C:$C,H59) -> 0 | W59: =SUMIFS(Plan!O:O,Plan!$C:$C,'Shipment Rev'!H59) -> 0 | X59: =SUMIFS(Plan!P:P,Plan!$C:$C,'Shipment Rev'!H59) -> 0 | Y59: =SUMIFS(Plan!Q:Q,Plan!$C:$C,'Shipment Rev'!H59) -> 0 | Z59: =SUM(M59:Y59) -> 0 | AA59: =+L59+Z59 -> 0 | AB59: =AA59-J59 -> 0
E60: =IFERROR(VLOOKUP(H60,Infor!B:F,4,0),) -> 0 | F60: =IFERROR(VLOOKUP(H60,Infor!B:F,5,0),) -> 0 | L60: =SUMIFS(Stock!$F:$F,Stock!$D:$D,'Shipment Rev'!H60) -> 0 | N60: =SUMIFS(Plan!$F:$F,Plan!$C:$C,'Shipment Rev'!H60) -> 0 | O60: =SUMIFS(Plan!$G:$G,Plan!$C:$C,'Shipment Rev'!H60) -> 0 | P60: =SUMIFS(Plan!$H:$H,Plan!$C:$C,'Shipment Rev'!H60) -> 0 | Q60: =SUMIFS(Plan!$I:$I,Plan!$C:$C,'Shipment Rev'!H60) -> 0 | R60: =SUMIFS(Plan!$J:$J,Plan!$C:$C,'Shipment Rev'!H60) -> 0 | S60: =SUMIFS(Plan!$K:$K,Plan!$C:$C,'Shipment Rev'!H60) -> 0 | T60: =SUMIFS(Plan!L:L,Plan!$C:$C,'Shipment Rev'!H60) -> 0 | U60: =SUMIFS(Plan!M:M,Plan!$C:$C,H60) -> 0 | V60: =SUMIFS(Plan!N:N,Plan!$C:$C,H60) -> 0 | W60: =SUMIFS(Plan!O:O,Plan!$C:$C,'Shipment Rev'!H60) -> 0 | X60: =SUMIFS(Plan!P:P,Plan!$C:$C,'Shipment Rev'!H60) -> 0 | Y60: =SUMIFS(Plan!Q:Q,Plan!$C:$C,'Shipment Rev'!H60) -> 0 | Z60: =SUM(M60:Y60) -> 0 | AA60: =+L60+Z60 -> 0 | AB60: =AA60-J60 -> 0
E61: =IFERROR(VLOOKUP(H61,Infor!B:F,4,0),) -> 0 | F61: =IFERROR(VLOOKUP(H61,Infor!B:F,5,0),) -> 0 | L61: =SUMIFS(Stock!$F:$F,Stock!$D:$D,'Shipment Rev'!H61) -> 0 | M61: =SUMIFS(Plan!$E:$E,Plan!$C:$C,'Shipment Rev'!H61) -> 0 | N61: =SUMIFS(Plan!$F:$F,Plan!$C:$C,'Shipment Rev'!H61) -> 0 | O61: =SUMIFS(Plan!$G:$G,Plan!$C:$C,'Shipment Rev'!H61) -> 0 | P61: =SUMIFS(Plan!$H:$H,Plan!$C:$C,'Shipment Rev'!H61) -> 0 | Q61: =SUMIFS(Plan!$I:$I,Plan!$C:$C,'Shipment Rev'!H61) -> 0 | R61: =SUMIFS(Plan!$J:$J,Plan!$C:$C,'Shipment Rev'!H61) -> 0 | S61: =SUMIFS(Plan!$K:$K,Plan!$C:$C,'Shipment Rev'!H61) -> 0 | T61: =SUMIFS(Plan!L:L,Plan!$C:$C,'Shipment Rev'!H61) -> 0 | U61: =SUMIFS(Plan!M:M,Plan!$C:$C,H61) -> 0 | V61: =SUMIFS(Plan!N:N,Plan!$C:$C,H61) -> 0 | W61: =SUMIFS(Plan!O:O,Plan!$C:$C,'Shipment Rev'!H61) -> 0 | X61: =SUMIFS(Plan!P:P,Plan!$C:$C,'Shipment Rev'!H61) -> 0 | Y61: =SUMIFS(Plan!Q:Q,Plan!$C:$C,'Shipment Rev'!H61) -> 0 | Z61: =SUM(M61:Y61) -> 0 | AA61: =+L61+Z61 -> 0 | AB61: =AA61-J61 -> 0
E62: =IFERROR(VLOOKUP(H62,Infor!B:F,4,0),) -> 0 | F62: =IFERROR(VLOOKUP(H62,Infor!B:F,5,0),) -> 0 | L62: =SUMIFS(Stock!$F:$F,Stock!$D:$D,'Shipment Rev'!H62) -> 0 | M62: =SUMIFS(Plan!$E:$E,Plan!$C:$C,'Shipment Rev'!H62) -> 0 | N62: =SUMIFS(Plan!$F:$F,Plan!$C:$C,'Shipment Rev'!H62) -> 0 | O62: =SUMIFS(Plan!$G:$G,Plan!$C:$C,'Shipment Rev'!H62) -> 0 | P62: =SUMIFS(Plan!$H:$H,Plan!$C:$C,'Shipment Rev'!H62) -> 0 | Q62: =SUMIFS(Plan!$I:$I,Plan!$C:$C,'Shipment Rev'!H62) -> 0 | R62: =SUMIFS(Plan!$J:$J,Plan!$C:$C,'Shipment Rev'!H62) -> 0 | S62: =SUMIFS(Plan!$K:$K,Plan!$C:$C,'Shipment Rev'!H62) -> 0 | T62: =SUMIFS(Plan!L:L,Plan!$C:$C,'Shipment Rev'!H62) -> 0 | U62: =SUMIFS(Plan!M:M,Plan!$C:$C,H62) -> 0 | V62: =SUMIFS(Plan!N:N,Plan!$C:$C,H62) -> 0 | W62: =SUMIFS(Plan!O:O,Plan!$C:$C,'Shipment Rev'!H62) -> 0 | X62: =SUMIFS(Plan!P:P,Plan!$C:$C,'Shipment Rev'!H62) -> 0 | Y62: =SUMIFS(Plan!Q:Q,Plan!$C:$C,'Shipment Rev'!H62) -> 0 | Z62: =SUM(M62:Y62) -> 0 | AA62: =+L62+Z62 -> 0 | AB62: =+AA62-J62 -> 0
E63: =IFERROR(VLOOKUP(H63,Infor!B:F,4,0),) -> 0 | F63: =IFERROR(VLOOKUP(H63,Infor!B:F,5,0),) -> 0 | L63: =SUMIFS(Stock!$F:$F,Stock!$D:$D,'Shipment Rev'!H63) -> 0 | M63: =SUMIFS(Plan!$E:$E,Plan!$C:$C,'Shipment Rev'!H63) -> 0 | N63: =SUMIFS(Plan!$F:$F,Plan!$C:$C,'Shipment Rev'!H63) -> 0 | O63: =SUMIFS(Plan!$G:$G,Plan!$C:$C,'Shipment Rev'!H63) -> 0 | P63: =SUMIFS(Plan!$H:$H,Plan!$C:$C,'Shipment Rev'!H63) -> 0 | Q63: =SUMIFS(Plan!$I:$I,Plan!$C:$C,'Shipment Rev'!H63) -> 0 | R63: =SUMIFS(Plan!$J:$J,Plan!$C:$C,'Shipment Rev'!H63) -> 0 | S63: =SUMIFS(Plan!$K:$K,Plan!$C:$C,'Shipment Rev'!H63) -> 0 | T63: =SUMIFS(Plan!L:L,Plan!$C:$C,'Shipment Rev'!H63) -> 0 | U63: =SUMIFS(Plan!M:M,Plan!$C:$C,H63) -> 0 | V63: =SUMIFS(Plan!N:N,Plan!$C:$C,H63) -> 0 | W63: =SUMIFS(Plan!O:O,Plan!$C:$C,'Shipment Rev'!H63) -> 0 | X63: =SUMIFS(Plan!P:P,Plan!$C:$C,'Shipment Rev'!H63) -> 0 | Y63: =SUMIFS(Plan!Q:Q,Plan!$C:$C,'Shipment Rev'!H63) -> 0 | Z63: =SUM(M63:Y63) -> 0 | AA63: =+L63+Z63 -> 0 | AB63: =+AA63-J63 -> 0
E64: =IFERROR(VLOOKUP(H64,Infor!B:F,4,0),) -> 0 | F64: =IFERROR(VLOOKUP(H64,Infor!B:F,5,0),) -> 0 | L64: =SUMIFS(Stock!$F:$F,Stock!$D:$D,'Shipment Rev'!H64) -> 0 | N64: =SUMIFS(Plan!$F:$F,Plan!$C:$C,'Shipment Rev'!H64) -> 0 | O64: =SUMIFS(Plan!$G:$G,Plan!$C:$C,'Shipment Rev'!H64) -> 0 | P64: =SUMIFS(Plan!$H:$H,Plan!$C:$C,'Shipment Rev'!H64) -> 0 | Q64: =SUMIFS(Plan!$I:$I,Plan!$C:$C,'Shipment Rev'!H64) -> 0 | R64: =SUMIFS(Plan!$J:$J,Plan!$C:$C,'Shipment Rev'!H64) -> 0 | S64: =SUMIFS(Plan!$K:$K,Plan!$C:$C,'Shipment Rev'!H64) -> 0 | T64: =SUMIFS(Plan!L:L,Plan!$C:$C,'Shipment Rev'!H64) -> 0 | U64: =SUMIFS(Plan!M:M,Plan!$C:$C,H64) -> 0 | V64: =SUMIFS(Plan!N:N,Plan!$C:$C,H64) -> 0 | W64: =SUMIFS(Plan!O:O,Plan!$C:$C,'Shipment Rev'!H64) -> 0 | X64: =SUMIFS(Plan!P:P,Plan!$C:$C,'Shipment Rev'!H64) -> 0 | Y64: =SUMIFS(Plan!Q:Q,Plan!$C:$C,'Shipment Rev'!H64) -> 0 | Z64: =SUM(M64:Y64) -> 0 | AA64: =+L64+Z64 -> 0 | AB64: =+AA64-J64 -> 0
E65: =IFERROR(VLOOKUP(H65,Infor!B:F,4,0),) -> 0 | F65: =IFERROR(VLOOKUP(H65,Infor!B:F,5,0),) -> 0 | L65: =SUMIFS(Stock!$F:$F,Stock!$D:$D,'Shipment Rev'!H65) -> 0 | M65: =SUMIFS(Plan!$E:$E,Plan!$C:$C,'Shipment Rev'!H65) -> 0 | N65: =SUMIFS(Plan!$F:$F,Plan!$C:$C,'Shipment Rev'!H65) -> 0 | O65: =SUMIFS(Plan!$G:$G,Plan!$C:$C,'Shipment Rev'!H65) -> 0 | P65: =SUMIFS(Plan!$H:$H,Plan!$C:$C,'Shipment Rev'!H65) -> 0 | Q65: =SUMIFS(Plan!$I:$I,Plan!$C:$C,'Shipment Rev'!H65) -> 0 | R65: =SUMIFS(Plan!$J:$J,Plan!$C:$C,'Shipment Rev'!H65) -> 0 | S65: =SUMIFS(Plan!$K:$K,Plan!$C:$C,'Shipment Rev'!H65) -> 0 | T65: =SUMIFS(Plan!L:L,Plan!$C:$C,'Shipment Rev'!H65) -> 0 | U65: =SUMIFS(Plan!M:M,Plan!$C:$C,H65) -> 0 | V65: =SUMIFS(Plan!N:N,Plan!$C:$C,H65) -> 0 | W65: =SUMIFS(Plan!O:O,Plan!$C:$C,'Shipment Rev'!H65) -> 0 | X65: =SUMIFS(Plan!P:P,Plan!$C:$C,'Shipment Rev'!H65) -> 0 | Y65: =SUMIFS(Plan!Q:Q,Plan!$C:$C,'Shipment Rev'!H65) -> 0 | Z65: =SUM(M65:Y65) -> 0 | AA65: =+L65+Z65 -> 0 | AB65: =+AA65-J65 -> 0
E66: =IFERROR(VLOOKUP(H66,Infor!B:F,4,0),) -> 0 | F66: =IFERROR(VLOOKUP(H66,Infor!B:F,5,0),) -> 0 | L66: =SUMIFS(Stock!$F:$F,Stock!$D:$D,'Shipment Rev'!H66) -> 0 | M66: =SUMIFS(Plan!$E:$E,Plan!$C:$C,'Shipment Rev'!H66) -> 0 | N66: =SUMIFS(Plan!$F:$F,Plan!$C:$C,'Shipment Rev'!H66) -> 0 | O66: =SUMIFS(Plan!$G:$G,Plan!$C:$C,'Shipment Rev'!H66) -> 0 | P66: =SUMIFS(Plan!$H:$H,Plan!$C:$C,'Shipment Rev'!H66) -> 0 | Q66: =SUMIFS(Plan!$I:$I,Plan!$C:$C,'Shipment Rev'!H66) -> 0 | R66: =SUMIFS(Plan!$J:$J,Plan!$C:$C,'Shipment Rev'!H66) -> 0 | S66: =SUMIFS(Plan!$K:$K,Plan!$C:$C,'Shipment Rev'!H66) -> 0 | T66: =SUMIFS(Plan!L:L,Plan!$C:$C,'Shipment Rev'!H66) -> 0 | U66: =SUMIFS(Plan!M:M,Plan!$C:$C,H66) -> 0 | V66: =SUMIFS(Plan!N:N,Plan!$C:$C,H66) -> 0 | W66: =SUMIFS(Plan!O:O,Plan!$C:$C,'Shipment Rev'!H66) -> 0 | X66: =SUMIFS(Plan!P:P,Plan!$C:$C,'Shipment Rev'!H66) -> 0 | Y66: =SUMIFS(Plan!Q:Q,Plan!$C:$C,'Shipment Rev'!H66) -> 0 | Z66: =SUM(M66:Y66) -> 0 | AA66: =+L66+Z66 -> 0 | AB66: =+AA66-J66 -> 0
E67: =IFERROR(VLOOKUP(H67,Infor!B:F,4,0),) -> 0 | F67: =IFERROR(VLOOKUP(H67,Infor!B:F,5,0),) -> 0 | L67: =SUMIFS(Stock!$F:$F,Stock!$D:$D,'Shipment Rev'!H67) -> 0 | N67: =SUMIFS(Plan!$F:$F,Plan!$C:$C,'Shipment Rev'!H67) -> 0 | O67: =SUMIFS(Plan!$G:$G,Plan!$C:$C,'Shipment Rev'!H67) -> 0 | P67: =SUMIFS(Plan!$H:$H,Plan!$C:$C,'Shipment Rev'!H67) -> 0 | Q67: =SUMIFS(Plan!$I:$I,Plan!$C:$C,'Shipment Rev'!H67) -> 0 | R67: =SUMIFS(Plan!$J:$J,Plan!$C:$C,'Shipment Rev'!H67) -> 0 | S67: =SUMIFS(Plan!$K:$K,Plan!$C:$C,'Shipment Rev'!H67) -> 0 | T67: =SUMIFS(Plan!L:L,Plan!$C:$C,'Shipment Rev'!H67) -> 0 | U67: =SUMIFS(Plan!M:M,Plan!$C:$C,H67) -> 0 | V67: =SUMIFS(Plan!N:N,Plan!$C:$C,H67) -> 0 | W67: =SUMIFS(Plan!O:O,Plan!$C:$C,'Shipment Rev'!H67) -> 0 | X67: =SUMIFS(Plan!P:P,Plan!$C:$C,'Shipment Rev'!H67) -> 0 | Y67: =SUMIFS(Plan!Q:Q,Plan!$C:$C,'Shipment Rev'!H67) -> 0 | Z67: =SUM(M67:Y67) -> 0 | AA67: =+L67+Z67 -> 0 | AB67: =+AA67-J67 -> 0
E68: =IFERROR(VLOOKUP(H68,Infor!B:F,4,0),) -> 0 | F68: =IFERROR(VLOOKUP(H68,Infor!B:F,5,0),) -> 0 | L68: =SUMIFS(Stock!$F:$F,Stock!$D:$D,'Shipment Rev'!H68) -> 0 | M68: =SUMIFS(Plan!$E:$E,Plan!$C:$C,'Shipment Rev'!H68) -> 0 | N68: =SUMIFS(Plan!$F:$F,Plan!$C:$C,'Shipment Rev'!H68) -> 0 | O68: =SUMIFS(Plan!$G:$G,Plan!$C:$C,'Shipment Rev'!H68) -> 0 | P68: =SUMIFS(Plan!$H:$H,Plan!$C:$C,'Shipment Rev'!H68) -> 0 | Q68: =SUMIFS(Plan!$I:$I,Plan!$C:$C,'Shipment Rev'!H68) -> 0 | R68: =SUMIFS(Plan!$J:$J,Plan!$C:$C,'Shipment Rev'!H68) -> 0 | S68: =SUMIFS(Plan!$K:$K,Plan!$C:$C,'Shipment Rev'!H68) -> 0 | T68: =SUMIFS(Plan!L:L,Plan!$C:$C,'Shipment Rev'!H68) -> 0 | U68: =SUMIFS(Plan!M:M,Plan!$C:$C,H68) -> 0 | V68: =SUMIFS(Plan!N:N,Plan!$C:$C,H68) -> 0 | W68: =SUMIFS(Plan!O:O,Plan!$C:$C,'Shipment Rev'!H68) -> 0 | X68: =SUMIFS(Plan!P:P,Plan!$C:$C,'Shipment Rev'!H68) -> 0 | Y68: =SUMIFS(Plan!Q:Q,Plan!$C:$C,'Shipment Rev'!H68) -> 0 | Z68: =SUM(M68:Y68) -> 0 | AA68: =+L68+Z68 -> 0 | AB68: =+AA68-J68 -> 0
E69: =IFERROR(VLOOKUP(H69,Infor!B:F,4,0),) -> 0 | F69: =IFERROR(VLOOKUP(H69,Infor!B:F,5,0),) -> 0 | L69: =SUMIFS(Stock!$F:$F,Stock!$D:$D,'Shipment Rev'!H69) -> 0 | M69: =SUMIFS(Plan!$E:$E,Plan!$C:$C,'Shipment Rev'!H69) -> 0 | N69: =SUMIFS(Plan!$F:$F,Plan!$C:$C,'Shipment Rev'!H69) -> 0 | O69: =SUMIFS(Plan!$G:$G,Plan!$C:$C,'Shipment Rev'!H69) -> 0 | P69: =SUMIFS(Plan!$H:$H,Plan!$C:$C,'Shipment Rev'!H69) -> 0 | Q69: =SUMIFS(Plan!$I:$I,Plan!$C:$C,'Shipment Rev'!H69) -> 0 | R69: =SUMIFS(Plan!$J:$J,Plan!$C:$C,'Shipment Rev'!H69) -> 0 | S69: =SUMIFS(Plan!$K:$K,Plan!$C:$C,'Shipment Rev'!H69) -> 0 | T69: =SUMIFS(Plan!L:L,Plan!$C:$C,'Shipment Rev'!H69) -> 0 | U69: =SUMIFS(Plan!M:M,Plan!$C:$C,H69) -> 0 | V69: =SUMIFS(Plan!N:N,Plan!$C:$C,H69) -> 0 | W69: =SUMIFS(Plan!O:O,Plan!$C:$C,'Shipment Rev'!H69) -> 0 | X69: =SUMIFS(Plan!P:P,Plan!$C:$C,'Shipment Rev'!H69) -> 0 | Y69: =SUMIFS(Plan!Q:Q,Plan!$C:$C,'Shipment Rev'!H69) -> 0 | Z69: =SUM(M69:Y69) -> 0 | AA69: =+L69+Z69 -> 0 | AB69: =+AA69-J69 -> 0
E70: =IFERROR(VLOOKUP(H70,Infor!B:F,4,0),) -> 0 | F70: =IFERROR(VLOOKUP(H70,Infor!B:F,5,0),) -> 0 | J70: =SUM(I70) -> 0 | L70: =SUMIFS(Stock!$F:$F,Stock!$D:$D,'Shipment Rev'!H70) -> 0 | N70: =SUMIFS(Plan!$F:$F,Plan!$C:$C,'Shipment Rev'!H70) -> 0 | O70: =SUMIFS(Plan!$G:$G,Plan!$C:$C,'Shipment Rev'!H70) -> 0 | P70: =SUMIFS(Plan!$H:$H,Plan!$C:$C,'Shipment Rev'!H70) -> 0 | Q70: =SUMIFS(Plan!$I:$I,Plan!$C:$C,'Shipment Rev'!H70) -> 0 | R70: =SUMIFS(Plan!$J:$J,Plan!$C:$C,'Shipment Rev'!H70) -> 0 | S70: =SUMIFS(Plan!$K:$K,Plan!$C:$C,'Shipment Rev'!H70) -> 0 | T70: =SUMIFS(Plan!L:L,Plan!$C:$C,'Shipment Rev'!H70) -> 0 | U70: =SUMIFS(Plan!M:M,Plan!$C:$C,H70) -> 0 | V70: =SUMIFS(Plan!N:N,Plan!$C:$C,H70) -> 0 | W70: =SUMIFS(Plan!O:O,Plan!$C:$C,'Shipment Rev'!H70) -> 0 | X70: =SUMIFS(Plan!P:P,Plan!$C:$C,'Shipment Rev'!H70) -> 0 | Y70: =SUMIFS(Plan!Q:Q,Plan!$C:$C,'Shipment Rev'!H70) -> 0 | Z70: =SUM(M70:Y70) -> 0 | AA70: =+L70+Z70 -> 0 | AB70: =+AA70-J70 -> 0
E71: =IFERROR(VLOOKUP(H71,Infor!B:F,4,0),) -> 0 | F71: =IFERROR(VLOOKUP(H71,Infor!B:F,5,0),) -> 0 | J71: =SUM(I71) -> 0 | L71: =SUMIFS(Stock!$F:$F,Stock!$D:$D,'Shipment Rev'!H71) -> 0 | N71: =SUMIFS(Plan!$F:$F,Plan!$C:$C,'Shipment Rev'!H71) -> 0 | O71: =SUMIFS(Plan!$G:$G,Plan!$C:$C,'Shipment Rev'!H71) -> 0 | P71: =SUMIFS(Plan!$H:$H,Plan!$C:$C,'Shipment Rev'!H71) -> 0 | Q71: =SUMIFS(Plan!$I:$I,Plan!$C:$C,'Shipment Rev'!H71) -> 0 | R71: =SUMIFS(Plan!$J:$J,Plan!$C:$C,'Shipment Rev'!H71) -> 0 | S71: =SUMIFS(Plan!$K:$K,Plan!$C:$C,'Shipment Rev'!H71) -> 0 | T71: =SUMIFS(Plan!L:L,Plan!$C:$C,'Shipment Rev'!H71) -> 0 | U71: =SUMIFS(Plan!M:M,Plan!$C:$C,H71) -> 0 | V71: =SUMIFS(Plan!N:N,Plan!$C:$C,H71) -> 0 | W71: =SUMIFS(Plan!O:O,Plan!$C:$C,'Shipment Rev'!H71) -> 0 | X71: =SUMIFS(Plan!P:P,Plan!$C:$C,'Shipment Rev'!H71) -> 0 | Y71: =SUMIFS(Plan!Q:Q,Plan!$C:$C,'Shipment Rev'!H71) -> 0 | Z71: =SUM(M71:Y71) -> 0 | AA71: =+L71+Z71 -> 0 | AB71: =+AA71-J71 -> 0
E72: =IFERROR(VLOOKUP(H72,Infor!B:F,4,0),) -> 0 | F72: =IFERROR(VLOOKUP(H72,Infor!B:F,5,0),) -> 0 | J72: =SUM(I72) -> 0 | L72: =SUMIFS(Stock!$F:$F,Stock!$D:$D,'Shipment Rev'!H72) -> 0 | N72: =SUMIFS(Plan!$F:$F,Plan!$C:$C,'Shipment Rev'!H72) -> 0 | O72: =SUMIFS(Plan!$G:$G,Plan!$C:$C,'Shipment Rev'!H72) -> 0 | P72: =SUMIFS(Plan!$H:$H,Plan!$C:$C,'Shipment Rev'!H72) -> 0 | Q72: =SUMIFS(Plan!$I:$I,Plan!$C:$C,'Shipment Rev'!H72) -> 0 | R72: =SUMIFS(Plan!$J:$J,Plan!$C:$C,'Shipment Rev'!H72) -> 0 | S72: =SUMIFS(Plan!$K:$K,Plan!$C:$C,'Shipment Rev'!H72) -> 0 | T72: =SUMIFS(Plan!L:L,Plan!$C:$C,'Shipment Rev'!H72) -> 0 | U72: =SUMIFS(Plan!M:M,Plan!$C:$C,H72) -> 0 | V72: =SUMIFS(Plan!N:N,Plan!$C:$C,H72) -> 0 | W72: =SUMIFS(Plan!O:O,Plan!$C:$C,'Shipment Rev'!H72) -> 0 | X72: =SUMIFS(Plan!P:P,Plan!$C:$C,'Shipment Rev'!H72) -> 0 | Y72: =SUMIFS(Plan!Q:Q,Plan!$C:$C,'Shipment Rev'!H72) -> 0 | Z72: =SUM(M72:Y72) -> 0 | AA72: =+L72+Z72 -> 0 | AB72: =+AA72-J72 -> 0

Sheet Sheet1
C2: model | D2: code | E2: ERP | F2: SO | G2: 46186 | H2: Cut off | K2: actual | M2: Plan | N2: Plan&actual | S2: balance | T2: Note
G3: base stock | H3: 46189 | I3: 46191 | J3: 46193 | K3: 46186 | L3: 46187 | M3: W25 | N3: 46188 | O3: 46189 | P3: 46190 | Q3: 46191 | R3: 46192
C4: L55E70NA_HVD | D4: BN44-01426B | E4: 0137556107CA | F4: =SUMIFS('Shipment Rev'!$I$4:$I$50,'Shipment Rev'!$G$4:$G$50,Sheet1!D4) -> 1500 | G4: =SUMIFS('Shipment Rev'!$L$4:$L$50,'Shipment Rev'!$G$4:$G$50,Sheet1!D4) -> 1539 | H4: =SUMIFS('Shipment Rev'!$I$4:$I$50,'Shipment Rev'!$G$4:$G$50,Sheet1!$D4,'Shipment Rev'!$C$4:$C$50,Sheet1!H$3) -> 1500 | I4: =SUMIFS('Shipment Rev'!$I$4:$I$50,'Shipment Rev'!$G$4:$G$50,Sheet1!$D4,'Shipment Rev'!$C$4:$C$50,Sheet1!I$3) -> 0 | J4: =SUMIFS('Shipment Rev'!$I$4:$I$50,'Shipment Rev'!$G$4:$G$50,Sheet1!$D4,'Shipment Rev'!$C$4:$C$50,Sheet1!J$3) -> 0 | K4: 302 | L4: 0 | M4: 0 | S4: =G4+K4+L4+SUM(N4:R4)-H4-I4-J4 -> 341 | T4: OK
C5: L85E70NA_HVD | D5: BN44-01429A | E5: 0137850179CA | F5: =SUMIFS('Shipment Rev'!$I$4:$I$50,'Shipment Rev'!$G$4:$G$50,Sheet1!D5) -> 3445 | G5: =SUMIFS('Shipment Rev'!$L$4:$L$50,'Shipment Rev'!$G$4:$G$50,Sheet1!D5) -> 6860 | H5: =SUMIFS('Shipment Rev'!$I$4:$I$50,'Shipment Rev'!$G$4:$G$50,Sheet1!$D5,'Shipment Rev'!$C$4:$C$50,Sheet1!H$3) -> 245 | I5: =SUMIFS('Shipment Rev'!$I$4:$I$50,'Shipment Rev'!$G$4:$G$50,Sheet1!$D5,'Shipment Rev'!$C$4:$C$50,Sheet1!I$3) -> 963 | J5: =SUMIFS('Shipment Rev'!$I$4:$I$50,'Shipment Rev'!$G$4:$G$50,Sheet1!$D5,'Shipment Rev'!$C$4:$C$50,Sheet1!J$3) -> 2237 | K5: 0 | L5: 0 | M5: 2000 | S5: =G5+K5+L5+SUM(N5:R5)-H5-I5-J5 -> 3415 | T5: OK
C6: L65S8N_HVD | D6: BN44-01433B | E6: 0137650517CA | F6: =SUMIFS('Shipment Rev'!$I$4:$I$50,'Shipment Rev'!$G$4:$G$50,Sheet1!D6) -> 3286 | G6: =SUMIFS('Shipment Rev'!$L$4:$L$50,'Shipment Rev'!$G$4:$G$50,Sheet1!D6) -> 1846 | H6: =SUMIFS('Shipment Rev'!$I$4:$I$50,'Shipment Rev'!$G$4:$G$50,Sheet1!$D6,'Shipment Rev'!$C$4:$C$50,Sheet1!H$3) -> 297 | I6: =SUMIFS('Shipment Rev'!$I$4:$I$50,'Shipment Rev'!$G$4:$G$50,Sheet1!$D6,'Shipment Rev'!$C$4:$C$50,Sheet1!I$3) -> 0 | J6: =SUMIFS('Shipment Rev'!$I$4:$I$50,'Shipment Rev'!$G$4:$G$50,Sheet1!$D6,'Shipment Rev'!$C$4:$C$50,Sheet1!J$3) -> 2989 | K6: 0 | L6: 0 | M6: 2000 | S6: =G6+K6+L6+SUM(N6:R6)-H6-I6-J6 -> -1440 | T6: 6/20일 출하분 부족
C7: L65FE8N_HHS | D7: BN44-01441A | E7: 0137650521CA | F7: =SUMIFS('Shipment Rev'!$I$4:$I$50,'Shipment Rev'!$G$4:$G$50,Sheet1!D7) -> 4570 | G7: =SUMIFS('Shipment Rev'!$L$4:$L$50,'Shipment Rev'!$G$4:$G$50,Sheet1!D7) -> 1606 | H7: =SUMIFS('Shipment Rev'!$I$4:$I$50,'Shipment Rev'!$G$4:$G$50,Sheet1!$D7,'Shipment Rev'!$C$4:$C$50,Sheet1!H$3) -> 36 | I7: =SUMIFS('Shipment Rev'!$I$4:$I$50,'Shipment Rev'!$G$4:$G$50,Sheet1!$D7,'Shipment Rev'!$C$4:$C$50,Sheet1!I$3) -> 0 | J7: =SUMIFS('Shipment Rev'!$I$4:$I$50,'Shipment Rev'!$G$4:$G$50,Sheet1!$D7,'Shipment Rev'!$C$4:$C$50,Sheet1!J$3) -> 4534 | K7: 1022 | L7: 0 | M7: 2000 | S7: =G7+K7+L7+SUM(N7:R7)-H7-I7-J7 -> -1942 | T7: 6/20일 출하분 부족
C8: L65S7A_HVD | D8: BN44-01421B | E8: 0137650505CA | F8: =SUMIFS('Shipment Rev'!$I$4:$I$50,'Shipment Rev'!$G$4:$G$50,Sheet1!D8) -> 38769 | G8: =SUMIFS('Shipment Rev'!$L$4:$L$50,'Shipment Rev'!$G$4:$G$50,Sheet1!D8) -> 11448 | H8: =SUMIFS('Shipment Rev'!$I$4:$I$50,'Shipment Rev'!$G$4:$G$50,Sheet1!$D8,'Shipment Rev'!$C$4:$C$50,Sheet1!H$3) -> 0 | I8: =SUMIFS('Shipment Rev'!$I$4:$I$50,'Shipment Rev'!$G$4:$G$50,Sheet1!$D8,'Shipment Rev'!$C$4:$C$50,Sheet1!I$3) -> 20469 | J8: =SUMIFS('Shipment Rev'!$I$4:$I$50,'Shipment Rev'!$G$4:$G$50,Sheet1!$D8,'Shipment Rev'!$C$4:$C$50,Sheet1!J$3) -> 18300 | K8: 6832 | L8: 6722 | M8: 0 | S8: =G8+K8+L8+SUM(N8:R8)-H8-I8-J8 -> -13767 | T8: HQ checking because no have plan
C9: L55E70A_HVD | D9: BN44-01426A | E9: 0137556092CA | F9: =SUMIFS('Shipment Rev'!$I$4:$I$50,'Shipment Rev'!$G$4:$G$50,Sheet1!D9) -> 7514 | G9: =SUMIFS('Shipment Rev'!$L$4:$L$50,'Shipment Rev'!$G$4:$G$50,Sheet1!D9) -> 7607 | H9: =SUMIFS('Shipment Rev'!$I$4:$I$50,'Shipment Rev'!$G$4:$G$50,Sheet1!$D9,'Shipment Rev'!$C$4:$C$50,Sheet1!H$3) -> 336 | I9: =SUMIFS('Shipment Rev'!$I$4:$I$50,'Shipment Rev'!$G$4:$G$50,Sheet1!$D9,'Shipment Rev'!$C$4:$C$50,Sheet1!I$3) -> 5000 | J9: =SUMIFS('Shipment Rev'!$I$4:$I$50,'Shipment Rev'!$G$4:$G$50,Sheet1!$D9,'Shipment Rev'!$C$4:$C$50,Sheet1!J$3) -> 2178 | K9: 11 | L9: 0 | M9: 2400 | S9: =G9+K9+L9+SUM(N9:R9)-H9-I9-J9 -> 104 | T9: OK
C10: L55CA9N_HVD | D10: BN44-01395A | E10: 0137556089CA | F10: =SUMIFS('Shipment Rev'!$I$4:$I$50,'Shipment Rev'!$G$4:$G$50,Sheet1!D10) -> 9600 | G10: =SUMIFS('Shipment Rev'!$L$4:$L$50,'Shipment Rev'!$G$4:$G$50,Sheet1!D10) -> 2076 | H10: =SUMIFS('Shipment Rev'!$I$4:$I$50,'Shipment Rev'!$G$4:$G$50,Sheet1!$D10,'Shipment Rev'!$C$4:$C$50,Sheet1!H$3) -> 0 | I10: =SUMIFS('Shipment Rev'!$I$4:$I$50,'Shipment Rev'!$G$4:$G$50,Sheet1!$D10,'Shipment Rev'!$C$4:$C$50,Sheet1!I$3) -> 4870 | J10: =SUMIFS('Shipment Rev'!$I$4:$I$50,'Shipment Rev'!$G$4:$G$50,Sheet1!$D10,'Shipment Rev'!$C$4:$C$50,Sheet1!J$3) -> 4730 | K10: 0 | L10: 220 | M10: 12000 | S10: =G10+K10+L10+SUM(N10:R10)-H10-I10-J10 -> -7304 | T10: 6/16일 2,574대 부족, 6/20일 4,730대 부족
C11: L65CA9N_HVD | D11: BN44-01396A | E11: 0137650478CA | F11: =SUMIFS('Shipment Rev'!$I$4:$I$50,'Shipment Rev'!$G$4:$G$50,Sheet1!D11) -> 17642 | G11: =SUMIFS('Shipment Rev'!$L$4:$L$50,'Shipment Rev'!$G$4:$G$50,Sheet1!D11) -> 6788 | H11: =SUMIFS('Shipment Rev'!$I$4:$I$50,'Shipment Rev'!$G$4:$G$50,Sheet1!$D11,'Shipment Rev'!$C$4:$C$50,Sheet1!H$3) -> 908 | I11: =SUMIFS('Shipment Rev'!$I$4:$I$50,'Shipment Rev'!$G$4:$G$50,Sheet1!$D11,'Shipment Rev'!$C$4:$C$50,Sheet1!I$3) -> 5000 | J11: =SUMIFS('Shipment Rev'!$I$4:$I$50,'Shipment Rev'!$G$4:$G$50,Sheet1!$D11,'Shipment Rev'!$C$4:$C$50,Sheet1!J$3) -> 11734 | K11: 2797 | L11: 1539 | M11: 14550 | S11: =G11+K11+L11+SUM(N11:R11)-H11-I11-J11 -> -6518 | T11: 6/20일 출하분 부족
C12: L75S7A_HVD | D12: BN44-01422B | E12: 0137750275CA | F12: =SUMIFS('Shipment Rev'!$I$4:$I$50,'Shipment Rev'!$G$4:$G$50,Sheet1!D12) -> 3496 | G12: =SUMIFS('Shipment Rev'!$L$4:$L$50,'Shipment Rev'!$G$4:$G$50,Sheet1!D12) -> 28 | H12: =SUMIFS('Shipment Rev'!$I$4:$I$50,'Shipment Rev'!$G$4:$G$50,Sheet1!$D12,'Shipment Rev'!$C$4:$C$50,Sheet1!H$3) -> 0 | I12: =SUMIFS('Shipment Rev'!$I$4:$I$50,'Shipment Rev'!$G$4:$G$50,Sheet1!$D12,'Shipment Rev'!$C$4:$C$50,Sheet1!I$3) -> 2496 | J12: =SUMIFS('Shipment Rev'!$I$4:$I$50,'Shipment Rev'!$G$4:$G$50,Sheet1!$D12,'Shipment Rev'!$C$4:$C$50,Sheet1!J$3) -> 1000 | K12: 0 | L12: 0 | M12: 7600 | S12: =G12+K12+L12+SUM(N12:R12)-H12-I12-J12 -> -3468 | T12: 6/16일 2,468대 부족, 6/20 1000대 부족
C13: L48CA9N_HVD | D13: BN44-01394A | E13: 0137480160CA | F13: =SUMIFS('Shipment Rev'!$I$4:$I$50,'Shipment Rev'!$G$4:$G$50,Sheet1!D13) -> 7116 | G13: =SUMIFS('Shipment Rev'!$L$4:$L$50,'Shipment Rev'!$G$4:$G$50,Sheet1!D13) -> 9434 | H13: =SUMIFS('Shipment Rev'!$I$4:$I$50,'Shipment Rev'!$G$4:$G$50,Sheet1!$D13,'Shipment Rev'!$C$4:$C$50,Sheet1!H$3) -> 2000 | I13: =SUMIFS('Shipment Rev'!$I$4:$I$50,'Shipment Rev'!$G$4:$G$50,Sheet1!$D13,'Shipment Rev'!$C$4:$C$50,Sheet1!I$3) -> 0 | J13: =SUMIFS('Shipment Rev'!$I$4:$I$50,'Shipment Rev'!$G$4:$G$50,Sheet1!$D13,'Shipment Rev'!$C$4:$C$50,Sheet1!J$3) -> 5116 | K13: 0 | L13: 0 | M13: 0 | S13: =G13+K13+L13+SUM(N13:R13)-H13-I13-J13 -> 2318 | T13: OK
C14: L65S7_HVD | D14: BN44-01421A | E14: 0137650504CA | F14: =SUMIFS('Shipment Rev'!$I$4:$I$50,'Shipment Rev'!$G$4:$G$50,Sheet1!D14) -> 29600 | G14: =SUMIFS('Shipment Rev'!$L$4:$L$50,'Shipment Rev'!$G$4:$G$50,Sheet1!D14) -> 8064 | H14: =SUMIFS('Shipment Rev'!$I$4:$I$50,'Shipment Rev'!$G$4:$G$50,Sheet1!$D14,'Shipment Rev'!$C$4:$C$50,Sheet1!H$3) -> 0 | I14: =SUMIFS('Shipment Rev'!$I$4:$I$50,'Shipment Rev'!$G$4:$G$50,Sheet1!$D14,'Shipment Rev'!$C$4:$C$50,Sheet1!I$3) -> 0 | J14: =SUMIFS('Shipment Rev'!$I$4:$I$50,'Shipment Rev'!$G$4:$G$50,Sheet1!$D14,'Shipment Rev'!$C$4:$C$50,Sheet1!J$3) -> 29600 | K14: 0 | L14: 249 | M14: 30900 | S14: =G14+K14+L14+SUM(N14:R14)-H14-I14-J14 -> -21287 | T14: 6/20일 출하분 부족
C15: L75S7N_HVD | D15: BN44-01422C | E15: 0137750276CA | F15: =SUMIFS('Shipment Rev'!$I$4:$I$50,'Shipment Rev'!$G$4:$G$50,Sheet1!D15) -> 1584 | G15: =SUMIFS('Shipment Rev'!$L$4:$L$50,'Shipment Rev'!$G$4:$G$50,Sheet1!D15) -> 3450 | H15: =SUMIFS('Shipment Rev'!$I$4:$I$50,'Shipment Rev'!$G$4:$G$50,Sheet1!$D15,'Shipment Rev'!$C$4:$C$50,Sheet1!H$3) -> 0 | I15: =SUMIFS('Shipment Rev'!$I$4:$I$50,'Shipment Rev'!$G$4:$G$50,Sheet1!$D15,'Shipment Rev'!$C$4:$C$50,Sheet1!I$3) -> 0 | J15: =SUMIFS('Shipment Rev'!$I$4:$I$50,'Shipment Rev'!$G$4:$G$50,Sheet1!$D15,'Shipment Rev'!$C$4:$C$50,Sheet1!J$3) -> 1584 | K15: 0 | L15: 0 | M15: 3000 | S15: =G15+K15+L15+SUM(N15:R15)-H15-I15-J15 -> 1866 | T15: OK
... C24: M70H | D24: BN96-64398D | E24: 0187550437CA | F24: =SUMIFS('Shipment Rev'!$I$4:$I$50,'Shipment Rev'!$G$4:$G$50,Sheet1!D24) -> 11136 | G24: =SUMIFS('Shipment Rev'!$L$4:$L$50,'Shipment Rev'!$G$4:$G$50,Sheet1!D24) -> 552 | H24: =SUMIFS('Shipment Rev'!$I$4:$I$50,'Shipment Rev'!$G$4:$G$50,Sheet1!$D24,'Shipment Rev'!$C$4:$C$50,Sheet1!H$3) -> 0 | I24: =SUMIFS('Shipment Rev'!$I$4:$I$50,'Shipment Rev'!$G$4:$G$50,Sheet1!$D24,'Shipment Rev'!$C$4:$C$50,Sheet1!I$3) -> 0 | J24: =SUMIFS('Shipment Rev'!$I$4:$I$50,'Shipment Rev'!$G$4:$G$50,Sheet1!$D24,'Shipment Rev'!$C$4:$C$50,Sheet1!J$3) -> 11136 | K24: 3 | L24: 1 | M24: 10588 | S24: =G24+K24+L24+SUM(N24:R24)-H24-I24-J24 -> -10580 | T24: 6/20일 출하분 부족

Sheet Plan
E1: =SUM(E4:E341) -> 0 | F1: =SUM(F4:F341) -> 0 | G1: =SUM(G4:G341) -> 0 | H1: =SUM(H4:H341) -> 0 | I1: =SUM(I4:I341) -> 0 | J1: =SUM(J4:J341) -> 22734 | K1: =SUM(K4:K341) -> 14186 | M1: =SUM(M4:M341) -> 25377 | N1: =SUM(N4:N341) -> 23592 | O1: =SUM(O4:O341) -> 24900 | P1: =SUM(P4:P341) -> 22150 | Q1: =SUM(Q4:Q341) -> 19950 | R1: =SUM(R4:R341) -> 0
E2: 46181 | F2: =+E2+1 -> 46182 | G2: =+F2+1 -> 46183 | H2: =+G2+1 -> 46184 | I2: =+H2+1 -> 46185 | J2: =+I2+1 -> 46186 | K2: =+J2+1 -> 46187 | L2: =+K2+1 -> 46188 | M2: =+L2+1 -> 46189 | ... R2: =+Q2+1 -> 46194
C3: 3in1 Code (FG) | D3: VD Code | E3: Mon | F3: Tue | G3: Wed | H3: Thu | I3: Fri | J3: Sat | K3: 46187 | L3: 46188 | M3: 46189 | N3: 46190 | O3: 46191 | P3: 46192 | Q3: 46193 | R3: 46194
D4: 0 | F4: - | J4: 0 | K4: 0 | L4: 0 | M4: 0 | N4: 0 | O4: 0 | P4: 0 | Q4: 0
C5: 0157072911CAT | D5: DA94-09645N | F5: - | J5: 0 | K5: 0 | L5: 0 | M5: 0 | N5: 0 | O5: 0 | P5: 0 | Q5: 0
C6: 0187320175CA | D6: BN96-53193F | F6: - | J6: 0 | K6: 0 | L6: 0 | M6: 0 | N6: 0 | O6: 0 | P6: 0 | Q6: 0
C7: 0187320170CA | D7: BN96-51662C(SEH)_JESS | F7: - | J7: 0 | K7: 0 | L7: 0 | M7: 0 | N7: 0 | O7: 0 | P7: 0 | Q7: 0
C8: 0187320172CA | D8: BN96-53193C(SEH)_JESS | F8: - | J8: 0 | K8: 0 | L8: 0 | M8: 0 | N8: 0 | O8: 0 | P8: 0 | Q8: 0
C9: 0187320173CA | D9: BN96-53193D(SEH)_JESS | F9: - | J9: 0 | K9: 0 | L9: 0 | M9: 0 | N9: 0 | O9: 0 | P9: 0 | Q9: 0
C10: 0187320189CA | D10: BN96-32189N | J10: 0 | K10: 0 | L10: 0 | M10: 0 | N10: 0 | O10: 0 | P10: 0 | Q10: 0
C11: 0187320187CA | D11: BN96-32187N | J11: 0 | K11: 0 | L11: 0 | M11: 0 | N11: 0 | O11: 0 | P11: 0 | Q11: 0
D12: 0 | J12: 0 | K12: 0 | L12: 0 | M12: 0 | N12: 0 | O12: 0 | P12: 0 | Q12: 0
D13: 0 | J13: 0 | K13: 0 | L13: 0 | M13: 0 | N13: 0 | O13: 0 | P13: 0 | Q13: 0
D14: 0 | J14: 0 | K14: 0 | L14: 0 | M14: 0 | N14: 0 | O14: 0 | P14: 0 | Q14: 0
C15: 0187320116CA | D15: BN96-32116I | J15: 0 | K15: 0 | L15: 0 | M15: 0 | N15: 0 | O15: 0 | P15: 0 | Q15: 0
C16: 0187320110CA | D16: BN96-32110I | J16: 0 | K16: 0 | L16: 0 | M16: 0 | N16: 0 | O16: 0 | P16: 0 | Q16: 0
C17: 0187650048CA | D17: BN96-57053C | J17: 0 | K17: 0 | L17: 0 | M17: 0 | N17: 0 | O17: 0 | P17: 0 | Q17: 0
C18: 0187550412CA | D18: BN96-63739W | J18: 0 | K18: 0 | L18: 0 | M18: 0 | N18: 0 | O18: 0 | P18: 0 | Q18: 0
C19: 0187550394CA | D19: BN96-63394P | J19: 0 | K19: 0 | L19: 0 | M19: 0 | N19: 0 | O19: 0 | P19: 0 | Q19: 0
C20: 0187550450PP | D20: BN96-63439T | J20: 0 | K20: 0 | L20: 0 | M20: 0 | N20: 0 | O20: 0 | P20: 0 | Q20: 0
C21: 0187550415CA | D21: BN96-63439Q | J21: 0 | K21: 0 | L21: 0 | M21: 0 | N21: 0 | O21: 0 | P21: 0 | Q21: 0
C22: 0187550421CA | D22: BN96-63439T | J22: 0 | K22: 0 | L22: 0 | M22: 0 | N22: 0 | O22: 0 | P22: 0 | Q22: 0
C23: 0187550404CA | D23: BN96-63719U | J23: 0 | K23: 0 | L23: 0 | M23: 0 | N23: 0 | O23: 0 | P23: 0 | Q23: 0
C24: 0187550413CA | D24: BN96-63719X | J24: 0 | K24: 0 | L24: 0 | M24: 0 | N24: 0 | O24: 0 | P24: 0 | Q24: 0
D25: 0 | J25: 0 | K25: 0 | L25: 0 | M25: 0 | N25: 0 | O25: 0 | P25: 0 | Q25: 0
D26: 0 | J26: 0 | K26: 0 | L26: 0 | M26: 0 | N26: 0 | O26: 0 | P26: 0 | Q26: 0
C27: 0187550437CA | D27: BN96-64398D | J27: 0 | K27: 0 | L27: 4000 | M27: 0 | N27: 0 | O27: 0 | P27: 0 | Q27: 0
C28: 0187550426CA | D28: BN96-64397X | J28: 0 | K28: 0 | L28: 0 | M28: 3600 | N28: 3900 | O28: 4300 | P28: 3200 | Q28: 0
C29: 0187550417CA | D29: BN96-63731L | J29: 0 | K29: 0 | L29: 0 | M29: 0 | N29: 0 | O29: 0 | P29: 0 | Q29: 0
C30: 0187550395CA | D30: BN96-63394X | J30: 0 | K30: 0 | L30: 0 | M30: 0 | N30: 0 | O30: 0 | P30: 0 | Q30: 0
C31: 0187550393CA | D31: BN96-63438A | J31: 0 | K31: 0 | L31: 0 | M31: 0 | N31: 0 | O31: 0 | P31: 0 | Q31: 0
C32: 0187550418CA | D32: BN96-63714R | J32: 0 | K32: 0 | L32: 0 | M32: 0 | N32: 0 | O32: 0 | P32: 0 | Q32: 0
C33: 0187550409CA | D33: BN96-63738C | J33: 0 | K33: 0 | L33: 0 | M33: 0 | N33: 0 | O33: 0 | P33: 0 | Q33: 0
C34: 0187550420CA | D34: BN96-63739U | J34: 0 | K34: 0 | L34: 0 | M34: 0 | N34: 0 | O34: 0 | P34: 0 | Q34: 0
C35: 0187550414CA | D35: BN96-63714Q | J35: 0 | K35: 0 | L35: 0 | M35: 0 | N35: 0 | O35: 0 | P35: 0 | Q35: 0
C36: 0187550405CA | D36: BN96-63439Y | J36: 0 | K36: 0 | L36: 0 | M36: 0 | N36: 0 | O36: 0 | P36: 0 | Q36: 0
C37: 0187550400CA | D37: BN96-63394N | J37: 0 | K37: 0 | L37: 0 | M37: 0 | N37: 0 | O37: 0 | P37: 0 | Q37: 0
C38: 0187550411CA | D38: BN96-63739V | J38: 0 | K38: 0 | L38: 0 | M38: 0 | N38: 0 | O38: 0 | P38: 0 | Q38: 0
... C216: 0187430172CA | D216: BN96-43172E | J216: 0 | K216: 0 | L216: 0 | M216: 0 | N216: 0 | O216: 0 | P216: 0 | Q216: 0
D217: 0 | J217: 0 | K217: 0 | L217: 0 | M217: 0 | N217: 0 | O217: 0 | P217: 0 | Q217: 0
C218: 0187430108CA | D218: BN96-43108E | J218: 0 | K218: 0 | L218: 0 | M218: 0 | N218: 0 | O218: 0 | P218: 0 | Q218: 0
C219: 0187430149CA | D219: BN96-43149E | J219: 0 | K219: 0 | L219: 0 | M219: 0 | N219: 0 | O219: 0 | P219: 0 | Q219: 0
C220: 0187430151CA | D220: BN96-43151E | J220: 0 | K220: 0 | L220: 0 | M220: 0 | N220: 0 | O220: 0 | P220: 0 | Q220: 0
C221: 0187430132CA | D221: BN96-43132E | J221: 0 | K221: 0 | L221: 0 | M221: 0 | N221: 0 | O221: 0 | P221: 0 | Q221: 0
C222: 0187550141CA | D222: BN96-55141ES | J222: 0 | K222: 0 | L222: 0 | M222: 0 | N222: 0 | O222: 0 | P222: 0 | Q222: 0
C223: 0187550125CA | D223: BN96-55125ES | J223: 0 | K223: 0 | L223: 0 | M223: 0 | N223: 0 | O223: 0 | P223: 0 | Q223: 0
C224: 0187550124CA | D224: BN96-55124ES | J224: 0 | K224: 0 | L224: 0 | M224: 0 | N224: 0 | O224: 0 | P224: 0 | Q224: 0
C225: 0187500105CA | D225: BN96-50105ES | J225: 0 | K225: 0 | L225: 0 | M225: 0 | N225: 0 | O225: 0 | P225: 0 | Q225: 0
D226: 0 | J226: 0 | K226: 0 | L226: 0 | M226: 0 | N226: 0 | O226: 0 | P226: 0 | Q226: 0
C227: 0187500104CA | D227: BN96-50104ES | J227: 0 | K227: 0 | L227: 0 | M227: 0 | N227: 0 | O227: 0 | P227: 0 | Q227: 0
D228: 0 | J228: 0 | K228: 0 | L228: 0 | M228: 0 | N228: 0 | O228: 0 | P228: 0 | Q228: 0
C229: 0187500261CA | D229: BN96-50241E_NANYA | J229: 0 | K229: 0 | L229: 0 | M229: 0 | N229: 0 | O229: 0 | P229: 0 | Q229: 0
C230: 0187500256CA | D230: BN96-50240E_NANYA | J230: 0 | K230: 0 | L230: 0 | M230: 0 | N230: 0 | O230: 0 | P230: 0 | Q230: 0
D231: 0 | J231: 0 | K231: 0 | L231: 0 | M231: 0 | N231: 0 | O231: 0 | P231: 0 | Q231: 0
C232: 0187550241CA | D232: BN96-55241ES | J232: 0 | K232: 0 | L232: 0 | M232: 0 | N232: 0 | O232: 0 | P232: 0 | Q232: 0
C233: 0187550368CA | D233: BN96-55288E_NANYA | J233: 0 | K233: 0 | L233: 0 | M233: 0 | N233: 0 | O233: 0 | P233: 0 | Q233: 0
C234: 0187550288CA | D234: BN96-55288E | J234: 0 | K234: 0 | L234: 0 | M234: 0 | N234: 0 | O234: 0 | P234: 0 | Q234: 0
C235: 0187550340CA | D235: BN96-55340E | J235: 0 | K235: 0 | L235: 0 | M235: 0 | N235: 0 | O235: 0 | P235: 0 | Q235: 0
C236: 0187550369CA | D236: BN96-55340E_NANYA | J236: 0 | K236: 0 | L236: 0 | M236: 0 | N236: 0 | O236: 0 | P236: 0 | Q236: 0
C237: 0187550373CA | D237: BN96-55341E_NANYA | J237: 0 | K237: 0 | L237: 0 | M237: 0 | N237: 0 | O237: 0 | P237: 0 | Q237: 0
D238: 0 | J238: 0 | K238: 0 | L238: 0 | M238: 0 | N238: 0 | O238: 0 | P238: 0 | Q238: 0
C239: 0187500262CA | D239: BN96-50262L | J239: 0 | K239: 0 | L239: 0 | M239: 0 | N239: 0 | O239: 0 | P239: 0 | Q239: 0
C240: 0187500263CA | D240: BN96-50263L | J240: 0 | K240: 0 | L240: 0 | M240: 0 | N240: 0 | O240: 0 | P240: 0 | Q240: 0
C241: 0187500264CA | D241: BN96-50264L | J241: 0 | K241: 0 | L241: 0 | M241: 0 | N241: 0 | O241: 0 | P241: 0 | Q241: 0
C242: 0187500257CA | D242: BN96-50247L | J242: 0 | K242: 0 | L242: 0 | M242: 0 | N242: 0 | O242: 0 | P242: 0 | Q242: 0
C243: 0187500258CA | D243: BN96-50248L | J243: 0 | K243: 0 | L243: 0 | M243: 0 | N243: 0 | O243: 0 | P243: 0 | Q243: 0
C244: 0187500259CA | D244: BN96-50249L | J244: 0 | K244: 0 | L244: 0 | M244: 0 | N244: 0 | O244: 0 | P244: 0 | Q244: 0
C245: 0187500267CA | D245: BN96-50267L | J245: 0 | K245: 0 | L245: 0 | M245: 0 | N245: 0 | O245: 0 | P245: 0 | Q245: 0
C246: 0187500266CA | D246: BN96-50266L | J246: 0 | K246: 0 | L246: 0 | M246: 0 | N246: 0 | O246: 0 | P246: 0 | Q246: 0
C247: 0187500265CA | D247: BN96-50265L | J247: 0 | K247: 0 | L247: 0 | M247: 0 | N247: 0 | O247: 0 | P247: 0 | Q247: 0
C248: 0187500197CA | D248: BN96-50197L | J248: 0 | K248: 0 | L248: 0 | M248: 0 | N248: 0 | O248: 0 | P248: 0 | Q248: 0
C249: 0187500198CA | D249: BN96-50198L | J249: 0 | K249: 0 | L249: 0 | M249: 0 | N249: 0 | O249: 0 | P249: 0 | Q249: 0
C250: 0187500199CA | D250: BN96-50199L | J250: 0 | K250: 0 | L250: 0 | M250: 0 | N250: 0 | O250: 0 | P250: 0 | Q250: 0
... C336: 0137850179CA | D336: BN44-01429A | J336: 0 | K336: 0 | L336: 0 | M336: 2000 | N336: 0 | O336: 0 | P336: 0 | Q336: 0
D337: 0 | J337: 0 | K337: 0 | L337: 0 | M337: 0 | N337: 0 | O337: 0 | P337: 0 | Q337: 0
C338: 0137650554PP | D338: L65S7_MPS | J338: 0 | K338: 0 | L338: 0 | M338: 0 | N338: 0 | O338: 0 | P338: 0 | Q338: 0
C339: 0137270106PP | D339: P30020_HHS | J339: 0 | K339: 0 | L339: 0 | M339: 0 | N339: 0 | O339: 0 | P339: 0 | Q339: 0
C340: 0137750157CA | D340: BN44-01112B | J340: 0 | K340: 0 | L340: 0 | M340: 0 | N340: 0 | O340: 0 | P340: 0 | Q340: 0
C341: 0187320191PP | D341: BNXX-XXXXXX | J341: 0 | K341: 0 | L341: 0 | M341: 0 | N341: 0 | O341: 0 | P341: 0 | Q341: 0

Sheet Stock
D2: 3in1Code(FG) | E2: VDCode | F2: O/stock 11/6
D3: 0187320187CA | E3: BN96-32187N | F3: 13
D4: 0187550437CA | E4: BN96-64398D | F4: 552
D5: 0187550410CA | E5: BN96-63738D | F5: 3
D6: 0187750072CA | E6: BN96-61905G | F6: 4
D7: 0187430175CA | E7: BN96-43146E_NANYA | F7: 35
D8: 0137556113CA | E8: BN44-01420E | F8: 12694
D9: 0137556115CA | E9: BN44-01420G | F9: 6164
D10: 0137556116CA | E10: BN44-01420H | F10: 1
D11: 0137556092CA | E11: BN44-01426A | F11: 7607
D12: 0137556107CA | E12: BN44-01426B | F12: 1539
D13: 0137556101CA | E13: BN44-01438A | F13: 637
D14: 0137556118CA | E14: BN44-01444A | F14: 416
... D33: 0137750157CA | E33: BN44-01112B | F33: 12

Sheet Infor
A1: MES | B1: 3IN1 Code (FG) | C1: VD Code | D1: Project | E1: Inch
A2: 1 | B2: 0137556042CA | C2: BN44-01110H | D2: 55"/PD_L55E6_BHS Rev1.2 R.F | E2: 55" | F2: L55E6
A3: 2 | B3: 0137650294CA | C3: BN44-01102C | D3: 65"/PD_L65E7N_BHS Rev1.2 R.D | E3: 65" | F3: L65E7N
A4: 3 | B4: 0137650295CA | C4: BN44-01111E | D4: 65"/PD_L65E6N_BHS Rev1.3 R.F | E4: 65" | F4: L65E6N
A5: 4 | B5: 0137650419CA | C5: BN44-01338A | D5: 65"/PD, L65S7_FVD | E5: 65" | F5: L65S7_FVD
A6: 5 | B6: 0137650420CA | C6: BN44-01338B | D6: 65"/PD, L65S7A_FVD | E6: 65" | F6: L65S7A_FVD
A7: 6 | B7: 0137650481PP | C7: BN44-01421C | D7: 65"/PD, L65S7N_HVD, DC VSS-TV,50/60Hz, REV1.0 | E7: 65" | F7: L65S7N_HVD
A8: 7 | B8: 0137650482PP | C8: BN44-01421D | D8: 65"/PD, L65S7W_HVD, DC VSS-TV,50/60Hz, REV1.0 | E8: 65" | F8: L65S7W_HVD
A9: 8 | B9: 0137650483CA | C9: BN44-01421A | D9: 65"/PD, L65S7_HVD, DC VSS-TV,50/60Hz, REV1.0 | E9: 65" | F9: L65S7_HVD_OLD
A10: 9 | B10: 0137650484CA | C10: BN44-01421B | D10: 65"/PD, L65S7A_HVD, DC VSS-TV,50/60Hz, REV1.0 | E10: 65" | F10: L65S7A_HVD_OLD
A11: 10 | B11: 0137650500PP | C11: BN44-01421A | D11: 65"/PD, L65S7_HVD, DC VSS-TV,50/60Hz, REV1.1 R.B (PP) | E11: 65" | F11: L65S7_HVD_OLD
A12: 11 | B12: 0137650501PP | C12: BN44-01421B | D12: 65"/PD, L65S7A_HVD, DC VSS-TV,50/60Hz, REV1.1 R.B (PP) | E12: 65" | F12: L65S7A_HVD_OLD
A13: 12 | B13: 0137650502PP | C13: BN44-01421C | D13: 65"/PD, L65S7N_HVD, DC VSS-TV,50/60Hz, REV1.1 R.B (PP) | E13: 65" | F13: L65S7N_HVD
... A31: 30 | B31: 0137750289PP | C31: BN44-01422C | D31: 75"/PD, L75S7N_HVD, DC VSS-TV,50/60Hz, REV1.0 R.A PP_PR SAMPLE | E31: 75" | F31: L75S7N_HVD
A32: 31 | B32: 0157072672CAT | C32: DA94-09645B | D32: DA, SEHC, OEM | F32: DA
A33: 32 | B33: 0157072673CAT | C33: DA94-09645C | D33: DA, SEHC, OEM | F33: DA
A34: 33 | B34: 0157072674CAT | C34: DA94-09645E | D34: DA, SEHC, OEM | F34: DA
A35: 34 | B35: 0157072675CAT | C35: DA94-09645F | D35: DA, SEHC, OEM | F35: DA
A36: 35 | B36: 0157072676CAT | C36: DA94-09645G | D36: DA, SEHC, OEM | F36: DA
A37: 36 | B37: 0157072677CAT | C37: DA94-09645K | D37: DA, SEHC, OEM | F37: DA
A38: 37 | B38: 0157072678CAT | C38: DA94-09645L | D38: DA, SEHC, OEM | F38: DA
A39: 38 | B39: 0157072679CAT | C39: DA94-09645M | D39: DA, SEHC, OEM | F39: DA
A40: 39 | B40: 0157072680CAT | C40: DA94-10109A | D40: DA, SEHC, OEM | F40: DA
A41: 40 | B41: 0157072681CAT | C41: DA94-10109B | D41: DA, SEHC, OEM | F41: DA
A42: 41 | B42: 0157072682CAT | C42: DA94-10109C | D42: DA, SEHC, OEM | F42: DA
A43: 42 | B43: 0157072683CAT | C43: DA94-10109D | D43: DA, SEHC, OEM | F43: DA
... A48: 47 | B48: 0157072911CAT | C48: DA94-09645N | D48: DA, SEHC, OEM | F48: DA
A49: 48 | B49: 0187320110CA | C49: BN96-32110I | D49: 32"/3IN1, JDM_SKW, HD, BOE, INA, T2C | E49: 32" | F49: JDM_SKW
A50: 49 | B50: 0187320116CA | C50: BN96-32116I | D50: 32"/3IN1, JDM, HD, BOE, INA, T2C | E50: 32" | F50: JDM_SKW
A51: 50 | B51: 0187320157CA | C51: BN96-52527D(SEH)_JESS | D51: 32"/3IN1, T5300, EU_SEH, T2C, W/I T, CSOT | E51: 32" | F51: T5300
A52: 51 | B52: 0187320170CA | C52: BN96-51662C(SEH)_JESS | D52: 32"/3IN1, T5300, EU_SEH, T2CS2, W/O T, CSOT | E52: 32" | F52: T5300
A53: 52 | B53: 0187320172CA | C53: BN96-53193C(SEH)_JESS | D53: 32"/3IN1, T5300, EU_SEH, T2CS2, W/I T, HKC | E53: 32" | F53: T5300
A54: 53 | B54: 0187320173CA | C54: BN96-53193D(SEH)_JESS | D54: 32"/3IN1, T5300, EU_SEH, T2C, W/I T, HKC | E54: 32" | F54: T5300
A55: 54 | B55: 0187430037CA | C55: BN96-43013LS | D55: 43"/3IN1, SVC, JDM_TPV | E55: 43" | F55: JDM-SVC
A56: 55 | B56: 0187430054CA | C56: BN96-43054ES | D56: 43"/3IN1, SVC, JDM_TPV, EU, T2CS2 | E56: 43" | F56: JDM-SVC
A57: 56 | B57: 0187430055CA | C57: BN96-43055ES | D57: 43"/3IN1, SVC, JDM_TPV | E57: 43" | F57: JDM-SVC
A58: 57 | B58: 0187430074CA | C58: BN96-43074E | D58: 43"/3IN1, JDM_MOKA, CU7000, EU | E58: 43" | F58: JDM
A59: 58 | B59: 0187430075CA | C59: BN96-43075E | D59: 43"/3IN1, JDM_MOKA, CU7000, EU_BENELUX | E59: 43" | F59: JDM
A60: 59 | B60: 0187430076CA | C60: BN96-43076E | D60: 43"/3IN1, JDM_MOKA, CU7000, EU_GER | E60: 43" | F60: JDM
... A521: 520 | B521: 0137650548PP | C521: BNXX-XXXXXX | D521: 65"/PD, L65S7A_ROHM, DC VSS-TV,50/60Hz, REV0.1 PP | E521: 65" | F521: L65S7A_ROHM
A522: 521 | B522: 0187320191PP | C522: BNXX-XXXXXX | D522: E-PAPER, EM20DX | E522: E-PAPER
A523: 522 | B523: 0137430033CA | C523: BN44-01424A | D523: 43"/PD, L43E60A_HVD, DC VSS-TV,50/60Hz, REV 1.0 | E523: 43" | F523: L43E60A_HVD
A524: 523 | B524: 0137430040CA | C524: BN44-01424C | D524: 43"/PD, L43E60W_HVD, DC VSS-TV,50/60Hz, REV 1.0 | E524: 43" | F524: L43E60W_HVD
A525: 524 | B525: 0187650273CA | C525: BN96-65273L | D525: 65"/3IN1, SVC, JDM_AMTRAN, CU7000 | E525: 65" | F525: JDM-SVC
A526: 525 | B526: 0187320175CA | C526: BN96-53193F(SEH)_JESS | D526: 32"/3IN1, T5300, KANT-S2, CIS_SEH, T2CS2 | E526: 32" | F526: T5300
A527: 526 | B527: 0137500041CA | C527: BN44-01425A | D527: 50"/PD, L50E60A_HVD, DC VSS-TV,50/60Hz, REV 1.0 | E527: 50" | F527: L50E60A_HVD
A528: 527 | B528: 0137650511CA | C528: BN44-01427A | D528: 65"/PD, L65E70A_HVD, DC VSS-TV,50/60Hz, REV1.0 | E528: 65" | F528: L65E70A_HVD
A529: 528 | B529: 0137650524CA | C529: BN44-01427B | D529: 65"/PD, L65E70NA_HVD, DC VSS-TV,50/60Hz, REV1.0 | E529: 65" | F529: L50E60A_HVD
A530: 529 | B530: 0137480160CA | C530: BN44-01394A | D530: 48"/PD, L48CA9N_HVD, DC VSS-TV, 50/60Hz, REV 1.0 R.B | E530: 48" | F530: L48CA9N_HVD
A531: 530 | B531: 0137556089CA | C531: BN44-01395A | D531: 55"/PD, L55CA9N_HVD, DC VSS-TV,50/60Hz, REV1.1 R.B | E531: 55" | F531: L55CA9N_HVD
A532: 531 | B532: 0137830051CA | C532: BN44-01398A | D532: 83"/PD, L83CA9N_HVD, DC VSS-TV,50/60Hz, REV1.0 R.A | E532: 83" | F532: L83CA9N_HVD
A533: 532 | B533: 0137750280CA | C533: BN44-01428A | D533: 75"/PD, L75E70NA_HVD, DC VSS-TV,50/60Hz, REV1.0 R.B | E533: 75" | F533: L75E70NA_HVD
A534: 533 | B534: 0187320187CA | C534: BN96-32187N | D534: 32"/3IN1, JDM_ROSE-SF, HD, INA, INX | E534: 32" | F534: JDM_ROSE-SF
... A547: 546 | B547: 0137370013PP | C547: BN44-XXXXXX | D547: 37"/PD, F37PS_HHS, AC VSS-TV, 50/60H, REV0.1_PP | E547: 37" | F547: F37PS_HHS
A548: 547 | B548: 0137450016PP | C548: A11020VQ78_1 | D548: PD, A11020VQ78_1, DC VSS-TV,50/60Hz, REV 0.1 | F548: A11020VQ78_1
A549: 548 | B549: 0137450017PP | C549: A11020VQ78_2 | D549: PD, A11020VQ78_2, DC VSS-TV,50/60Hz, REV 0.1 | F549: A11020VQ78_2
A550: 549 | B550: 0137450018PP | C550: A11020VQ78_3 | D550: PD, A11020VQ78_3, DC VSS-TV,50/60Hz, REV 0.1 | F550: A11020VQ78_3
A551: 550 | B551: 0187650330PP | C551: BN96-63394B | D551: 65"/3IN1, U8000F, SDP(G10.5), LATIN, ISDB-T | E551: 65" | F551: U8000F
A552: 551 | B552: 0187580096PP | C552: BN81-28967A | D552: 58"/3IN1, U8000F, HKC(H2), LATIN, ISDB-T | E552: 58" | F552: U8000F
A553: 552 | B553: 0137650385CA | C553: BN44-01324A | D553: 65"/PD, L65CA9N_FVD, DC VSS-TV,50/60Hz, REV 1.1 R.B | E553: 65" | F553: L65CA9N_FVD
A554: 553 | B554: 0137830039CA | C554: BN44-01326A | D554: 83"/PD, L83CA9N_FVD, DC VSS-TV,50/60Hz, REV 1.1 R.B | E554: 83" | F554: L83CA9N_FVD
A555: 554 | B555: 0137270106PP | C555: P30020_HHS | D555: 30"/PD, P30020_HHS, DC VSS-TV,50/60Hz, REV0.1 PP | E555: 30" | F555: P30020_HHS
A556: 555 | B556: 0187320189CA | C556: BN96-32189N | D556: 32"/3IN1, JDM_ROSE-SF, HD, INA, INX | E556: 32"
A557: 556 | B557: 0137830042CA | C557: BN44-01371A | D557: 83"/PD, L83CA9N_FHS, DC VSS-TV,50/60Hz, REV 1.0 R.A | E557: 83" | F557: L83CA9N_FHS
A558: 557 | B558: 0137650554PP | C558: L65S7_MPS | D558: 65"/PD, L65S7_MPS, DC VSS-TV,50/60Hz | E558: 65" | F558: L65S7_MPS
A559: 558 | B559: 0187320194PP | C559: BNXX-XXXXXX | D559: E-PAPER, EM42DX, E415IXAA_LEFT
A560: 559 | B560: 0187320195PP | C560: BNXX-XXXXXX | D560: E-PAPER, EM42DX, E415IXBA_RIGHT
A561: 560 | B561: 0137650507CA | C561: BN44-01421D | D561: 65"/PD, L65S7W_HVD, DC VSS-TV,50/60Hz | E561: 65" | F561: L65S7W_HVD
A562: 561 | B562: 0137430039CA | C562: BN44-01424B | D562: 43"/PD, L43E60NA_HVD, DC VSS-TV,50/60Hz | E562: 43" | F562: L43E60NA_HVD
A563: 562 | B563: 0137500045CA | C563: BN44-01425B | D563: 50"/PD, L50E60NA_HVD, DC VSS-TV,50/60Hz | E563: 50" | F563: L50E60NA_HVD
A564: 563 | B564: 0137750291CA | C564: BN44-01428B | D564: 75"/PD, L75E70NW_HVD, DC VSS-TV,50/60Hz | E564: 75" | F564: L75E70NW_HVD
A565: 564 | B565: 0137556063CA | C565: BN44-01323A | D565: 55"/PD, L55CA9N_FVD, DC VSS-TV,50/60Hz | E565: 55" | F565: L55CA9N_FVD
